gene,outcome,scenario,p12,n_overlap,top_snp,PP.H0,PP.H1,PP.H2,PP.H3,PP.H4
TSHR,BBJ_Graves,original_reference,1e-06,4336,rs179252,5.795432173300432e-44,2.1491286833829275e-34,9.325931539651707e-11,0.33922717014999954,0.6607728297567432
TSHR,BBJ_Graves,original_reference,5e-06,4336,rs179252,1.5908006870517704e-44,5.899189713303623e-35,2.5598950789250548e-11,0.09311519817752034,0.9068848017968868
TSHR,BBJ_Graves,original_reference,1e-05,4336,rs179252,8.34240582101615e-45,3.093626687749925e-35,1.342448729211542e-11,0.04883105580881221,0.9511689441777602
TSHR,BBJ_Graves,paired_reference,1e-06,4336,rs179252,5.795432173300432e-44,2.1491286833829275e-34,9.325931539651707e-11,0.33922717014999954,0.6607728297567432
TSHR,BBJ_Graves,paired_reference,5e-06,4336,rs179252,1.5908006870517704e-44,5.899189713303623e-35,2.5598950789250548e-11,0.09311519817752034,0.9068848017968868
TSHR,BBJ_Graves,paired_reference,1e-05,4336,rs179252,8.34240582101615e-45,3.093626687749925e-35,1.342448729211542e-11,0.04883105580881221,0.9511689441777602
TSHR,BBJ_Graves,paired_eqtlgen,1e-06,4336,rs179252,5.788874221775093e-44,2.1466967885205783e-34,9.325622643225751e-11,0.33921559959258385,0.6607844003141654
TSHR,BBJ_Graves,paired_eqtlgen,5e-06,4336,rs179252,1.5889803942014954e-44,5.892439494407516e-35,2.5597777695821834e-11,0.09311083925997621,0.9068891607144315
TSHR,BBJ_Graves,paired_eqtlgen,1e-05,4336,rs179252,8.332840874747815e-45,3.0900797045801014e-35,1.3423841418360742e-11,0.04882865830811603,0.9511713416784532
TSHR,BBJ_Graves,available_eqtlgen,1e-06,4361,rs179252,5.788874221617967e-44,2.1466967886307676e-34,9.325622642972628e-11,0.33921559961051145,0.66078440029623
TSHR,BBJ_Graves,available_eqtlgen,5e-06,4361,rs179252,1.5889803941896405e-44,5.892439494826031e-35,2.5597777695630855e-11,0.09311083926672974,0.9068891607076655
TSHR,BBJ_Graves,available_eqtlgen,1e-05,4361,rs179252,8.332840874715368e-45,3.090079704810555e-35,1.3423841418308473e-11,0.04882865831183185,0.9511713416747496
IGF1R,BBJ_Graves,original_reference,1e-06,5685,rs2654980,6.490519187766666e-77,2.224321210445613e-77,0.7389836461053146,0.25317357729743944,0.00784277659725089
IGF1R,BBJ_Graves,original_reference,5e-06,5685,rs2654980,6.293097748773389e-77,2.156664266302052e-77,0.7165060583213381,0.2454728232438435,0.03802111843480614
IGF1R,BBJ_Graves,original_reference,1e-05,5685,rs2654980,6.062591248878019e-77,2.0776689683867133e-77,0.690261542464315,0.23648153094802593,0.07325692658765383
IGF1R,BBJ_Graves,paired_reference,1e-06,5685,rs2654980,6.490519187766666e-77,2.224321210445613e-77,0.7389836461053146,0.25317357729743944,0.00784277659725089
IGF1R,BBJ_Graves,paired_reference,5e-06,5685,rs2654980,6.293097748773389e-77,2.156664266302052e-77,0.7165060583213381,0.2454728232438435,0.03802111843480614
IGF1R,BBJ_Graves,paired_reference,1e-05,5685,rs2654980,6.062591248878019e-77,2.0776689683867133e-77,0.690261542464315,0.23648153094802593,0.07325692658765383
IGF1R,BBJ_Graves,paired_eqtlgen,1e-06,5685,rs2654980,6.030983153398563e-77,2.066836775281228e-77,0.7389830427053939,0.2531733623266902,0.00784359496790796
IGF1R,BBJ_Graves,paired_eqtlgen,5e-06,5685,rs2654980,5.8475208140706464e-77,2.0039636582193136e-77,0.7165031991558404,0.24547183570548003,0.03802496513867312
IGF1R,BBJ_Graves,paired_eqtlgen,1e-05,5685,rs2654980,5.633314236608451e-77,1.930554394663917e-77,0.6902562300706556,0.23647970323400458,0.07326406669533911
IGF1R,BBJ_Graves,available_eqtlgen,1e-06,5715,rs2654980,6.0251822491266945e-77,2.0726986348681124e-77,0.7382722514827634,0.2538916979152126,0.007836050602022854
IGF1R,BBJ_Graves,available_eqtlgen,5e-06,5715,rs2654980,5.84206730891439e-77,2.0097060031253944e-77,0.7158349751314524,0.24617552250974944,0.037989502358797035
IGF1R,BBJ_Graves,available_eqtlgen,1e-05,5715,rs2654980,5.6282527864092e-77,1.936152531946042e-77,0.6896360449741947,0.2371657150195874,0.07319824000621829
CTLA4,BBJ_Graves,original_reference,1e-06,3014,rs231811,2.7630840426727403e-76,2.118667071504838e-64,1.2724907396634418e-12,0.9754703119402897,0.024529688058447754
CTLA4,BBJ_Graves,original_reference,5e-06,3014,rs231811,2.5161978493237347e-76,1.929360615320556e-64,1.158791557902948e-12,0.8883104035478726,0.11168959645097182
CTLA4,BBJ_Graves,original_reference,1e-05,3014,rs231811,2.2633996552244173e-76,1.7355209776901245e-64,1.0423697060783263e-12,0.7990633414073129,0.2009366585916347
CTLA4,BBJ_Graves,paired_reference,1e-06,3014,rs231811,2.7630840426727403e-76,2.118667071504838e-64,1.2724907396634418e-12,0.9754703119402897,0.024529688058447754
CTLA4,BBJ_Graves,paired_reference,5e-06,3014,rs231811,2.5161978493237347e-76,1.929360615320556e-64,1.158791557902948e-12,0.8883104035478726,0.11168959645097182
CTLA4,BBJ_Graves,paired_reference,1e-05,3014,rs231811,2.2633996552244173e-76,1.7355209776901245e-64,1.0423697060783263e-12,0.7990633414073129,0.2009366585916347
CTLA4,BBJ_Graves,paired_eqtlgen,1e-06,3014,rs231811,2.760360998249356e-76,2.116579105860301e-64,1.2724916221531447e-12,0.9754709954474609,0.0245290045512612
CTLA4,BBJ_Graves,paired_eqtlgen,5e-06,3014,rs231811,2.513724372003422e-76,1.9274640117899623e-64,1.158795246638091e-12,0.8883132376503804,0.1116867623484613
CTLA4,BBJ_Graves,paired_eqtlgen,1e-05,3014,rs231811,2.2611804486122523e-76,1.7338193428858815e-64,1.0423756816084594e-12,0.79906792788806,0.20093207211088804
CTLA4,BBJ_Graves,available_eqtlgen,1e-06,3044,rs231811,2.7603609982488854e-76,2.116579105860301e-64,1.2724916221529276e-12,0.9754709954474609,0.02452900455125702
CTLA4,BBJ_Graves,available_eqtlgen,5e-06,3044,rs231811,2.513724372003065e-76,1.9274640117900173e-64,1.1587952466379262e-12,0.8883132376504056,0.11168676234844542
CTLA4,BBJ_Graves,available_eqtlgen,1e-05,3044,rs231811,2.2611804486119952e-76,1.73381934288598e-64,1.042375681608341e-12,0.7990679278881054,0.2009320721108652
TNFSF14,BBJ_Graves,original_reference,1e-06,4790,rs2291668,6.885799987195486e-188,5.359595539948548e-187,0.007818350133523435,0.05144715941350329,0.9407344904529844
TNFSF14,BBJ_Graves,original_reference,5e-06,4790,rs2291668,1.4457043199815248e-188,1.1252709111310051e-187,0.0016414973691047572,0.010801559841004473,0.9875569427898863
TNFSF14,BBJ_Graves,original_reference,1e-05,4790,rs2291668,7.273775602887915e-189,5.6615782265413446e-188,0.0008258869639229872,0.005434591386268823,0.9937395216498299
TNFSF14,BBJ_Graves,paired_reference,1e-06,4790,rs2291668,6.885799987195486e-188,5.359595539948548e-187,0.007818350133523435,0.05144715941350329,0.9407344904529844
TNFSF14,BBJ_Graves,paired_reference,5e-06,4790,rs2291668,1.4457043199815248e-188,1.1252709111310051e-187,0.0016414973691047572,0.010801559841004473,0.9875569427898863
TNFSF14,BBJ_Graves,paired_reference,1e-05,4790,rs2291668,7.273775602887915e-189,5.6615782265413446e-188,0.0008258869639229872,0.005434591386268823,0.9937395216498299
TNFSF14,BBJ_Graves,paired_eqtlgen,1e-06,4790,rs2291668,7.760896652687202e-188,6.040731238649477e-187,0.007818350135050023,0.051447159425522714,0.9407344904394018
TNFSF14,BBJ_Graves,paired_eqtlgen,5e-06,4790,rs2291668,1.6294347553969556e-188,1.2682783792591077e-187,0.0016414973694440262,0.010801559843651417,0.987556942786911
TNFSF14,BBJ_Graves,paired_eqtlgen,1e-05,4790,rs2291668,8.198178982043157e-189,6.381092042981965e-188,0.0008258869640949043,0.005434591387608613,0.9937395216483047
TNFSF14,BBJ_Graves,available_eqtlgen,1e-06,4870,rs2291668,7.760573202332405e-188,6.044616546147638e-187,0.007818024290210404,0.05148669219690282,0.9406952835128933
TNFSF14,BBJ_Graves,available_eqtlgen,5e-06,4870,rs2291668,1.629420496954634e-188,1.2691359052658573e-187,0.0016414830054472566,0.010810215869211036,0.9875483011253403
TNFSF14,BBJ_Graves,available_eqtlgen,1e-05,4870,rs2291668,8.19814288805989e-189,6.385434278740644e-188,0.0008258833279764043,0.005438970143815004,0.9937351465282025
IFNGR1,BBJ_Graves,original_reference,1e-06,3973,rs11754268,1.7119250032658556e-62,2.595871908399117e-62,0.04370155102303151,0.0572764850574132,0.8990219639195478
IFNGR1,BBJ_Graves,original_reference,5e-06,3973,rs11754268,3.724743862654576e-63,5.648003236474419e-63,0.009508423771543206,0.012462008311405884,0.9780295679170391
IFNGR1,BBJ_Graves,original_reference,1e-05,3973,rs11754268,1.8830577272800716e-63,2.855368457622269e-63,0.004807018017205984,0.006300213360576405,0.9888927686222312
IFNGR1,BBJ_Graves,paired_reference,1e-06,3973,rs11754268,1.7119250032658556e-62,2.595871908399117e-62,0.04370155102303151,0.0572764850574132,0.8990219639195478
IFNGR1,BBJ_Graves,paired_reference,5e-06,3973,rs11754268,3.724743862654576e-63,5.648003236474419e-63,0.009508423771543206,0.012462008311405884,0.9780295679170391
IFNGR1,BBJ_Graves,paired_reference,1e-05,3973,rs11754268,1.8830577272800716e-63,2.855368457622269e-63,0.004807018017205984,0.006300213360576405,0.9888927686222312
IFNGR1,BBJ_Graves,paired_eqtlgen,1e-06,3973,rs11754268,1.7089745118519679e-62,2.591397940344049e-62,0.04369874657945027,0.057272161266164946,0.8990290921543844
IFNGR1,BBJ_Graves,paired_eqtlgen,5e-06,3973,rs11754268,3.7183012238788245e-63,5.638233962130023e-63,0.009507754607308915,0.01246099025194899,0.978031255140755
IFNGR1,BBJ_Graves,paired_eqtlgen,1e-05,3973,rs11754268,1.8797990245175358e-63,2.8504271342915435e-63,0.004806675618799694,0.0062996933034115046,0.9888936310777873
IFNGR1,BBJ_Graves,available_eqtlgen,1e-06,4008,rs11754268,1.7087326135527536e-62,2.5965667276070536e-62,0.04369256120196099,0.057405600506614696,0.8989018382914227
IFNGR1,BBJ_Graves,available_eqtlgen,5e-06,4008,rs11754268,3.7181866992524994e-63,5.650105694557267e-63,0.00950746176604135,0.012491406705377293,0.9780011315285769
IFNGR1,BBJ_Graves,available_eqtlgen,1e-05,4008,rs11754268,1.8797697534071057e-63,2.8564724278953533e-63,0.004806600772110764,0.0063151666125306535,0.9888782326153446
MAPKAPK5,BBJ_Graves,original_reference,1e-06,2077,rs79271898,1.806342995222277e-140,3.194777967839402e-133,5.6540482970772526e-08,0.9999999433305804,1.2895473510188852e-10
MAPKAPK5,BBJ_Graves,original_reference,5e-06,2077,rs79271898,1.8063429942904676e-140,3.1947779661911812e-133,5.654048294160589e-08,0.9999999428147265,6.447736751768261e-10
MAPKAPK5,BBJ_Graves,original_reference,1e-05,2077,rs79271898,1.8063429931257832e-140,3.1947779641314502e-133,5.6540482905150005e-08,0.9999999421699516,1.289547349522187e-09
MAPKAPK5,BBJ_Graves,paired_reference,1e-06,2077,rs79271898,1.806342995222277e-140,3.194777967839402e-133,5.6540482970772526e-08,0.9999999433305804,1.2895473510188852e-10
MAPKAPK5,BBJ_Graves,paired_reference,5e-06,2077,rs79271898,1.8063429942904676e-140,3.1947779661911812e-133,5.654048294160589e-08,0.9999999428147265,6.447736751768261e-10
MAPKAPK5,BBJ_Graves,paired_reference,1e-05,2077,rs79271898,1.8063429931257832e-140,3.1947779641314502e-133,5.6540482905150005e-08,0.9999999421699516,1.289547349522187e-09
MAPKAPK5,BBJ_Graves,paired_eqtlgen,1e-06,2077,rs79271898,1.5689207304210275e-140,2.774862468586046e-133,5.654048297076931e-08,0.9999999433305236,1.2896847683510882e-10
MAPKAPK5,BBJ_Graves,paired_eqtlgen,5e-06,2077,rs79271898,1.5689207296116934e-140,2.7748624671544644e-133,5.654048294160268e-08,0.9999999428146696,6.448423838428923e-10
MAPKAPK5,BBJ_Graves,paired_eqtlgen,1e-05,2077,rs79271898,1.5689207286000035e-140,2.774862465365145e-133,5.654048290514358e-08,0.9999999421698379,1.2896847668541573e-09
MAPKAPK5,BBJ_Graves,available_eqtlgen,1e-06,2097,rs79271898,2.330441807346046e-141,2.7748626024752178e-133,8.398404251262484e-09,0.999999991582456,1.9156705907354715e-11
MAPKAPK5,BBJ_Graves,available_eqtlgen,5e-06,2097,rs79271898,2.3304418071674762e-141,2.774862602262594e-133,8.398404250618957e-09,0.9999999915058311,9.578352952943308e-11
MAPKAPK5,BBJ_Graves,available_eqtlgen,1e-05,2097,rs79271898,2.3304418069442638e-141,2.774862601996972e-133,8.398404249814547e-09,0.9999999914100499,1.91567059040518e-10
HSD3B7,BBJ_Graves,original_reference,1e-06,1630,rs4889606,2.607501707698938e-125,1.2384142836397293e-121,0.00017947188452975074,0.8508996686867475,0.14892085942872768
HSD3B7,BBJ_Graves,original_reference,5e-06,1630,rs4889606,1.6340971185569695e-125,7.761027371526963e-122,0.0001124733642574919,0.5332509246980082,0.4666366019377617
HSD3B7,BBJ_Graves,original_reference,1e-05,1630,rs4889606,1.1141799655060856e-125,5.291718044724176e-122,7.668795672281021e-05,0.36358762899648406,0.6363356830468181
HSD3B7,BBJ_Graves,paired_reference,1e-06,1630,rs4889606,2.607501707698938e-125,1.2384142836397293e-121,0.00017947188452975074,0.8508996686867475,0.14892085942872768
HSD3B7,BBJ_Graves,paired_reference,5e-06,1630,rs4889606,1.6340971185569695e-125,7.761027371526963e-122,0.0001124733642574919,0.5332509246980082,0.4666366019377617
HSD3B7,BBJ_Graves,paired_reference,1e-05,1630,rs4889606,1.1141799655060856e-125,5.291718044724176e-122,7.668795672281021e-05,0.36358762899648406,0.6363356830468181
HSD3B7,BBJ_Graves,paired_eqtlgen,1e-06,1630,rs4889606,2.6175134976884156e-125,1.2431693116771654e-121,0.0001794717829035632,0.8508991811439941,0.14892134707311336
HSD3B7,BBJ_Graves,paired_eqtlgen,5e-06,1630,rs4889606,1.6403694092163393e-125,7.790817167333303e-122,0.000112473163081112,0.5332499673100034,0.4666375595269251
HSD3B7,BBJ_Graves,paired_eqtlgen,1e-05,1630,rs4889606,1.1184558847282306e-125,5.31202621719731e-122,7.668776948368287e-05,0.36358673882728565,0.6363365734032389
HSD3B7,BBJ_Graves,available_eqtlgen,1e-06,1650,rs4889606,2.61751275303062e-125,1.2431693729236665e-121,0.00017947173184554099,0.85089922356178,0.14892130470640078
HSD3B7,BBJ_Graves,available_eqtlgen,5e-06,1650,rs4889606,1.6403691167591785e-125,7.79081837856857e-122,0.00011247314302856667,0.5332500505256488,0.4666374763313382
HSD3B7,BBJ_Graves,available_eqtlgen,1e-05,1650,rs4889606,1.1184557487664614e-125,5.312027344382556e-122,7.668776016136184e-05,0.3635868161909423,0.6363364960488725
VKORC1,BBJ_Graves,original_reference,1e-06,1516,rs34649473,3.7035435167180883e-31,1.7589697162235783e-27,0.00019806929861634695,0.9401181733535029,0.05968375734788598
VKORC1,BBJ_Graves,original_reference,5e-06,1516,rs34649473,2.9897786280712772e-31,1.4199725320495431e-27,0.00015989642168562606,0.758934034355418,0.2409060692229
VKORC1,BBJ_Graves,original_reference,1e-05,1516,rs34649473,2.4093512814741792e-31,1.144302995422355e-27,0.00012885457300225724,0.6115966817945299,0.3882744636324726
VKORC1,BBJ_Graves,paired_reference,1e-06,1516,rs34649473,3.7035435167180883e-31,1.7589697162235783e-27,0.00019806929861634695,0.9401181733535029,0.05968375734788598
VKORC1,BBJ_Graves,paired_reference,5e-06,1516,rs34649473,2.9897786280712772e-31,1.4199725320495431e-27,0.00015989642168562606,0.758934034355418,0.2409060692229
VKORC1,BBJ_Graves,paired_reference,1e-05,1516,rs34649473,2.4093512814741792e-31,1.144302995422355e-27,0.00012885457300225724,0.6115966817945299,0.3882744636324726
VKORC1,BBJ_Graves,paired_eqtlgen,1e-06,1516,rs34649473,3.6843192816255507e-31,1.7498393125459397e-27,0.00019806955790649096,0.9401194172740401,0.059682513168048366
VKORC1,BBJ_Graves,paired_eqtlgen,5e-06,1516,rs34649473,2.9742713302851653e-31,1.4126074593662867e-27,0.00015989727340449505,0.7589380876374214,0.24090201508916717
VKORC1,BBJ_Graves,paired_eqtlgen,1e-05,1516,rs34649473,2.396862358283343e-31,1.138371476707438e-27,0.00012885568035201055,0.6116019463332798,0.3882691979863662
VKORC1,BBJ_Graves,available_eqtlgen,1e-06,1536,rs34649473,3.6843181248565314e-31,1.749839347168933e-27,0.00019806949571841477,0.9401194360748003,0.05968249442947634
VKORC1,BBJ_Graves,available_eqtlgen,5e-06,1536,rs34649473,2.9742705764206124e-31,1.4126075727921227e-27,0.00015989723287662347,0.7589381487374414,0.24090195402967737
VKORC1,BBJ_Graves,available_eqtlgen,1e-05,1536,rs34649473,2.396861868709337e-31,1.1383716241278095e-27,0.0001288556540324385,0.6116020256660003,0.3882691186799739
PRSS36,BBJ_Graves,original_reference,1e-06,1479,rs78924645,4.902502381095204e-46,2.3284052310236967e-42,0.0002063779290183942,0.9799777023119858,0.019815919758992946
PRSS36,BBJ_Graves,original_reference,5e-06,1479,rs78924645,4.542451002774651e-46,2.1574016398879424e-42,0.00019122104544714864,0.908005820400933,0.09180295855361847
PRSS36,BBJ_Graves,original_reference,1e-05,1479,rs78924645,4.1605043906386854e-46,1.9759990783922987e-42,0.00017514245033780712,0.8316572265052512,0.16816763104440682
PRSS36,BBJ_Graves,paired_reference,1e-06,1479,rs78924645,4.902502381095204e-46,2.3284052310236967e-42,0.0002063779290183942,0.9799777023119858,0.019815919758992946
PRSS36,BBJ_Graves,paired_reference,5e-06,1479,rs78924645,4.542451002774651e-46,2.1574016398879424e-42,0.00019122104544714864,0.908005820400933,0.09180295855361847
PRSS36,BBJ_Graves,paired_reference,1e-05,1479,rs78924645,4.1605043906386854e-46,1.9759990783922987e-42,0.00017514245033780712,0.8316572265052512,0.16816763104440682
PRSS36,BBJ_Graves,paired_eqtlgen,1e-06,1479,rs78924645,4.91608329919974e-46,2.334855382048334e-42,0.00020637791971167175,0.9799776576638544,0.01981596441643915
PRSS36,BBJ_Graves,paired_eqtlgen,5e-06,1479,rs78924645,4.555033752202422e-46,2.1633777184924647e-42,0.00019122100517479288,0.9080056287471303,0.09180315024769416
PRSS36,BBJ_Graves,paired_eqtlgen,1e-05,1479,rs78924645,4.172028401977969e-46,1.9814723176074872e-42,0.00017514238270095685,0.8316569049476815,0.1681679526696122
PRSS36,BBJ_Graves,available_eqtlgen,1e-06,1490,rs78924645,4.916082486292728e-46,2.334855389856884e-42,0.00020637788558571256,0.9799776609746699,0.01981596113973787
PRSS36,BBJ_Graves,available_eqtlgen,5e-06,1490,rs78924645,4.5550330543147045e-46,2.1633777520000853e-42,0.00019122097587736105,0.9080056428418177,0.09180313618231188
PRSS36,BBJ_Graves,available_eqtlgen,1e-05,1490,rs78924645,4.172027816518442e-46,1.9814723738243842e-42,0.00017514235812327746,0.8316569285712251,0.16816792907065256
TSHR,UKB_hyperthyroid,original_reference,1e-06,5667,rs1023586,1.155888423436951e-70,6.039607838460271e-34,1.8600401112640429e-37,0.9716015896299567,0.028398410370048775
TSHR,UKB_hyperthyroid,original_reference,5e-06,5667,rs1023586,1.0379804449139338e-70,5.423529385847008e-34,1.6703041773762735e-37,0.8724920414761793,0.12750795852381513
TSHR,UKB_hyperthyroid,original_reference,1e-05,5667,rs1023586,9.205970007279678e-71,4.810191666361064e-34,1.4814123170918625e-37,0.7738233995425534,0.22617660045744628
TSHR,UKB_hyperthyroid,paired_reference,1e-06,5667,rs1023586,1.155888423436951e-70,6.039607838460271e-34,1.8600401112640429e-37,0.9716015896299567,0.028398410370048775
TSHR,UKB_hyperthyroid,paired_reference,5e-06,5667,rs1023586,1.0379804449139338e-70,5.423529385847008e-34,1.6703041773762735e-37,0.8724920414761793,0.12750795852381513
TSHR,UKB_hyperthyroid,paired_reference,1e-05,5667,rs1023586,9.205970007279678e-71,4.810191666361064e-34,1.4814123170918625e-37,0.7738233995425534,0.22617660045744628
TSHR,UKB_hyperthyroid,paired_eqtlgen,1e-06,5667,rs1023586,1.1546411770865785e-70,6.03309087827496e-34,1.8600763280252482e-37,0.9716207043191064,0.02837929568090339
TSHR,UKB_hyperthyroid,paired_eqtlgen,5e-06,5667,rs1023586,1.0369316208146563e-70,5.4180491975150524e-34,1.670451392115535e-37,0.8725691164841797,0.12743088351581733
TSHR,UKB_hyperthyroid,paired_eqtlgen,1e-05,5667,rs1023586,9.197296579113187e-71,4.805659731991058e-34,1.4816441668746453e-37,0.7739446641404159,0.22605533585958404
TSHR,UKB_hyperthyroid,available_eqtlgen,1e-06,5732,rs1023586,1.1546411770865785e-70,6.03309087827496e-34,1.8600763280252482e-37,0.9716207043191064,0.02837929568090339
TSHR,UKB_hyperthyroid,available_eqtlgen,5e-06,5732,rs1023586,1.0369316208146563e-70,5.4180491975150524e-34,1.670451392115535e-37,0.8725691164841797,0.12743088351581733
TSHR,UKB_hyperthyroid,available_eqtlgen,1e-05,5732,rs1023586,9.197296579113187e-71,4.805659731991058e-34,1.4816441668746453e-37,0.7739446641404159,0.22605533585958404
IGF1R,UKB_hyperthyroid,original_reference,1e-06,7394,rs2654980,5.48798014914612e-77,2.6948672005954754e-77,0.6285376655688901,0.3080082555124604,0.06345407891865781
IGF1R,UKB_hyperthyroid,original_reference,5e-06,7394,rs2654980,4.377020844710598e-77,2.14933173775575e-77,0.501299638321181,0.24565660189764868,0.2530437597811712
IGF1R,UKB_hyperthyroid,original_reference,1e-05,7394,rs2654980,3.493110923336814e-77,1.7152886489224649e-77,0.4000655479172823,0.19604790333942684,0.4038865487433018
IGF1R,UKB_hyperthyroid,paired_reference,1e-06,7394,rs2654980,5.48798014914612e-77,2.6948672005954754e-77,0.6285376655688901,0.3080082555124604,0.06345407891865781
IGF1R,UKB_hyperthyroid,paired_reference,5e-06,7394,rs2654980,4.377020844710598e-77,2.14933173775575e-77,0.501299638321181,0.24565660189764868,0.2530437597811712
IGF1R,UKB_hyperthyroid,paired_reference,1e-05,7394,rs2654980,3.493110923336814e-77,1.7152886489224649e-77,0.4000655479172823,0.19604790333942684,0.4038865487433018
IGF1R,UKB_hyperthyroid,paired_eqtlgen,1e-06,7394,rs2654980,5.099029696382778e-77,2.503873467141141e-77,0.6284974481796545,0.3079879010852677,0.06351465073508389
IGF1R,UKB_hyperthyroid,paired_eqtlgen,5e-06,7394,rs2654980,4.066021862476986e-77,1.996615996469708e-77,0.5011707161898503,0.2455929095842415,0.2532363742259047
IGF1R,UKB_hyperthyroid,paired_eqtlgen,1e-05,7394,rs2654980,3.2444173709755734e-77,1.5931679270823618e-77,0.3999011890310078,0.1959669497591287,0.4041318612098575
IGF1R,UKB_hyperthyroid,available_eqtlgen,1e-06,7457,rs2654980,5.080099410431633e-77,2.5246976780380274e-77,0.6261641343685885,0.310557014758668,0.06327885087273848
IGF1R,UKB_hyperthyroid,available_eqtlgen,5e-06,7457,rs2654980,4.053975712276336e-77,2.014736768061985e-77,0.4996859288651427,0.2478279445719967,0.2524861265628647
IGF1R,UKB_hyperthyroid,available_eqtlgen,1e-05,7457,rs2654980,3.2367430076063507e-77,1.6085900876131188e-77,0.39895526047574137,0.19786881412578775,0.4031759253984695
CTLA4,UKB_hyperthyroid,original_reference,1e-06,4283,rs3087243,6.689836843844308e-85,7.277755396805631e-65,3.0808890725657304e-21,0.3284489727817778,0.6715510272182349
CTLA4,UKB_hyperthyroid,original_reference,5e-06,4283,rs3087243,1.8148308249512132e-85,1.9743224145640005e-65,8.357890614765145e-22,0.08910222089742266,0.9108977791025884
CTLA4,UKB_hyperthyroid,original_reference,1e-05,4283,rs3087243,9.497267958537644e-86,1.0331910142734886e-65,4.373803092015772e-22,0.04662846012582931,0.9533715398741577
CTLA4,UKB_hyperthyroid,paired_reference,1e-06,4283,rs3087243,6.689836843844308e-85,7.277755396805631e-65,3.0808890725657304e-21,0.3284489727817778,0.6715510272182349
CTLA4,UKB_hyperthyroid,paired_reference,5e-06,4283,rs3087243,1.8148308249512132e-85,1.9743224145640005e-65,8.357890614765145e-22,0.08910222089742266,0.9108977791025884
CTLA4,UKB_hyperthyroid,paired_reference,1e-05,4283,rs3087243,9.497267958537644e-86,1.0331910142734886e-65,4.373803092015772e-22,0.04662846012582931,0.9533715398741577
CTLA4,UKB_hyperthyroid,paired_eqtlgen,1e-06,4283,rs3087243,6.683510241392868e-85,7.2708727976916055e-65,3.0810139667025157e-21,0.32846269703697806,0.6715373029630344
CTLA4,UKB_hyperthyroid,paired_eqtlgen,5e-06,4283,rs3087243,1.8131415353191145e-85,1.972484666196776e-65,8.358353907096619e-22,0.089107271073257,0.9108927289267451
CTLA4,UKB_hyperthyroid,paired_eqtlgen,1e-05,4283,rs3087243,9.488452741862947e-86,1.0322320224142577e-65,4.374057099369992e-22,0.04663122619305962,0.9533687738069322
CTLA4,UKB_hyperthyroid,available_eqtlgen,1e-06,4321,rs3087243,6.683510241392868e-85,7.2708727976916055e-65,3.0810139667025157e-21,0.32846269703697806,0.6715373029630344
CTLA4,UKB_hyperthyroid,available_eqtlgen,5e-06,4321,rs3087243,1.8131415353191145e-85,1.972484666196776e-65,8.358353907096619e-22,0.089107271073257,0.9108927289267451
CTLA4,UKB_hyperthyroid,available_eqtlgen,1e-05,4321,rs3087243,9.488452741862947e-86,1.0322320224142577e-65,4.374057099369992e-22,0.04663122619305962,0.9533687738069322
TNFSF14,UKB_hyperthyroid,original_reference,1e-06,7197,rs2291668,4.027899269057925e-186,4.5168246457273985e-186,0.4573401325425972,0.5125531639576786,0.030106703499725704
TNFSF14,UKB_hyperthyroid,original_reference,5e-06,7197,rs2291668,3.594968648315321e-186,4.031342867997238e-186,0.4081838517504809,0.4574624219571511,0.13435372629235598
TNFSF14,UKB_hyperthyroid,original_reference,1e-05,7197,rs2291668,3.1691778014126466e-186,3.553867523469827e-186,0.3598382429479452,0.4032802214635352,0.23688153558854574
TNFSF14,UKB_hyperthyroid,paired_reference,1e-06,7197,rs2291668,4.027899269057925e-186,4.5168246457273985e-186,0.4573401325425972,0.5125531639576786,0.030106703499725704
TNFSF14,UKB_hyperthyroid,paired_reference,5e-06,7197,rs2291668,3.594968648315321e-186,4.031342867997238e-186,0.4081838517504809,0.4574624219571511,0.13435372629235598
TNFSF14,UKB_hyperthyroid,paired_reference,1e-05,7197,rs2291668,3.1691778014126466e-186,3.553867523469827e-186,0.3598382429479452,0.4032802214635352,0.23688153558854574
TNFSF14,UKB_hyperthyroid,paired_eqtlgen,1e-06,7197,rs2291668,4.539793488991826e-186,5.090854996080133e-186,0.4573401325408554,0.5125531639556683,0.030106703503466756
TNFSF14,UKB_hyperthyroid,paired_eqtlgen,5e-06,7197,rs2291668,4.051842951462579e-186,4.5436747250294324e-186,0.4081838517434737,0.45746242194924597,0.134353726307256
TNFSF14,UKB_hyperthyroid,paired_eqtlgen,1e-05,7197,rs2291668,3.571939561262784e-186,4.005518401937085e-186,0.359838242937043,0.40328022145127096,0.23688153561170583
TNFSF14,UKB_hyperthyroid,available_eqtlgen,1e-06,7275,rs2291668,4.487756228735348e-186,5.146283613341319e-186,0.4520978836234833,0.5181405101488578,0.02976160622768243
TNFSF14,UKB_hyperthyroid,available_eqtlgen,5e-06,7275,rs2291668,4.010339632775572e-186,4.5988115405952125e-186,0.4040027952008739,0.46301967337073396,0.1329775314284036
TNFSF14,UKB_hyperthyroid,available_eqtlgen,1e-05,7275,rs2291668,3.5396462167430713e-186,4.0590491982635485e-186,0.35658500190336045,0.4086750712407926,0.2347399268558278
IFNGR1,UKB_hyperthyroid,original_reference,1e-06,5145,rs11754268,3.027532575017e-61,8.684739247212634e-62,0.7728601956779089,0.2216467058331529,0.005493098488947861
IFNGR1,UKB_hyperthyroid,original_reference,5e-06,5145,rs11754268,2.9624406617268447e-61,8.49801745974384e-62,0.7562437109346534,0.21688130437184605,0.02687498469349726
IFNGR1,UKB_hyperthyroid,original_reference,1e-05,5145,rs11754268,2.884908782358791e-61,8.275610552807715e-62,0.7364515858377554,0.21120516869595293,0.052343245466279914
IFNGR1,UKB_hyperthyroid,paired_reference,1e-06,5145,rs11754268,3.027532575017e-61,8.684739247212634e-62,0.7728601956779089,0.2216467058331529,0.005493098488947861
IFNGR1,UKB_hyperthyroid,paired_reference,5e-06,5145,rs11754268,2.9624406617268447e-61,8.49801745974384e-62,0.7562437109346534,0.21688130437184605,0.02687498469349726
IFNGR1,UKB_hyperthyroid,paired_reference,1e-05,5145,rs11754268,2.884908782358791e-61,8.275610552807715e-62,0.7364515858377554,0.21120516869595293,0.052343245466279914
IFNGR1,UKB_hyperthyroid,paired_eqtlgen,1e-06,5145,rs11754268,3.0225089402890883e-61,8.670328516162147e-62,0.7728602814133513,0.22164673154154435,0.005492987045102795
IFNGR1,UKB_hyperthyroid,paired_eqtlgen,5e-06,5145,rs11754268,2.9575263251311228e-61,8.483920259846117e-62,0.7562441246938422,0.2168814241292832,0.026874451176878457
IFNGR1,UKB_hyperthyroid,paired_eqtlgen,1e-05,5145,rs11754268,2.880124558305606e-61,8.261886592000482e-62,0.736452371394698,0.2112053950516734,0.05234223355363111
IFNGR1,UKB_hyperthyroid,available_eqtlgen,1e-06,5209,rs11754268,3.013336598418922e-61,8.762697326026339e-62,0.7705148991964443,0.22400878320628576,0.005476317597282648
IFNGR1,UKB_hyperthyroid,available_eqtlgen,5e-06,5209,rs11754268,2.948743573141014e-61,8.57486264131848e-62,0.7539983612209276,0.21920699471584332,0.026794644063227038
IFNGR1,UKB_hyperthyroid,available_eqtlgen,1e-05,5209,rs11754268,2.8717948522523145e-61,8.351097944362173e-62,0.734322452479116,0.21348669471862364,0.05219085280226146
MAPKAPK5,UKB_hyperthyroid,original_reference,1e-06,2763,rs79271898,1.6656917420089526e-134,3.0267689009285983e-133,0.052137947124501975,0.94740674115009,0.0004553117254038414
MAPKAPK5,UKB_hyperthyroid,original_reference,5e-06,2763,rs79271898,1.662663621040713e-134,3.021266428806198e-133,0.0520431636739109,0.9456844163369359,0.002272419989154777
MAPKAPK5,UKB_hyperthyroid,original_reference,1e-05,2763,rs79271898,1.6588939173430077e-134,3.0144164087033376e-133,0.05192516788446852,0.9435402965065542,0.00453453560895012
MAPKAPK5,UKB_hyperthyroid,paired_reference,1e-06,2763,rs79271898,1.6656917420089526e-134,3.0267689009285983e-133,0.052137947124501975,0.94740674115009,0.0004553117254038414
MAPKAPK5,UKB_hyperthyroid,paired_reference,5e-06,2763,rs79271898,1.662663621040713e-134,3.021266428806198e-133,0.0520431636739109,0.9456844163369359,0.002272419989154777
MAPKAPK5,UKB_hyperthyroid,paired_reference,1e-05,2763,rs79271898,1.6588939173430077e-134,3.0144164087033376e-133,0.05192516788446852,0.9435402965065542,0.00453453560895012
MAPKAPK5,UKB_hyperthyroid,paired_eqtlgen,1e-06,2763,rs79271898,1.4467551742607335e-134,2.628933948744033e-133,0.05213790264037744,0.9474059242039266,0.0004561731557056256
MAPKAPK5,UKB_hyperthyroid,paired_eqtlgen,5e-06,2763,rs79271898,1.4441200989696207e-134,2.6241456894631617e-133,0.05204294027119269,0.9456803482488937,0.0022767114798863744
MAPKAPK5,UKB_hyperthyroid,paired_eqtlgen,1e-05,2763,rs79271898,1.4408397226324556e-134,2.618184837986106e-133,0.05192472265902599,0.9435321976628509,0.004543079678115642
MAPKAPK5,UKB_hyperthyroid,available_eqtlgen,1e-06,2788,rs79271898,1.4414257099946439e-134,2.629471511480148e-133,0.05194584036614176,0.947599666899675,0.00045449273418321794
MAPKAPK5,UKB_hyperthyroid,available_eqtlgen,5e-06,2788,rs79271898,1.4388099952397782e-134,2.6246998833744557e-133,0.05185157570847854,0.9458800843965819,0.0022683398949124196
MAPKAPK5,UKB_hyperthyroid,available_eqtlgen,1e-05,2788,rs79271898,1.4355536715752707e-134,2.6187596463933816e-133,0.05173422490220104,0.9437393627496673,0.004526412348114841
HSD3B7,UKB_hyperthyroid,original_reference,1e-06,2755,rs4889606,6.856267627458131e-122,7.118055090573042e-122,0.485610184426688,0.504048441630058,0.010341373943243626
HSD3B7,UKB_hyperthyroid,original_reference,5e-06,2755,rs4889606,6.583920492169714e-122,6.835309139265799e-122,0.466320601554247,0.48402644765555647,0.049652950790190435
HSD3B7,UKB_hyperthyroid,original_reference,1e-05,2755,rs4889606,6.272473665903796e-122,6.511970584296524e-122,0.44426169735739174,0.46112998328749866,0.09460831935509922
HSD3B7,UKB_hyperthyroid,paired_reference,1e-06,2755,rs4889606,6.856267627458131e-122,7.118055090573042e-122,0.485610184426688,0.504048441630058,0.010341373943243626
HSD3B7,UKB_hyperthyroid,paired_reference,5e-06,2755,rs4889606,6.583920492169714e-122,6.835309139265799e-122,0.466320601554247,0.48402644765555647,0.049652950790190435
HSD3B7,UKB_hyperthyroid,paired_reference,1e-05,2755,rs4889606,6.272473665903796e-122,6.511970584296524e-122,0.44426169735739174,0.46112998328749866,0.09460831935509922
HSD3B7,UKB_hyperthyroid,paired_eqtlgen,1e-06,2755,rs4889606,6.883052065083751e-122,7.145862217270614e-122,0.4856101775331777,0.5040484343314039,0.010341388135430403
HSD3B7,UKB_hyperthyroid,paired_eqtlgen,5e-06,2755,rs4889606,6.609640628388346e-122,6.86201132717458e-122,0.4663205695136804,0.4840264142607273,0.049653016225616416
HSD3B7,UKB_hyperthyroid,paired_eqtlgen,1e-05,2755,rs4889606,6.29697674013787e-122,6.537409240102205e-122,0.4442616391371774,0.46112992272551406,0.09460843813731924
HSD3B7,UKB_hyperthyroid,available_eqtlgen,1e-06,2768,rs4889606,6.880518541621829e-122,7.148449154250156e-122,0.48543143345765777,0.5042309848795584,0.010337581662775217
HSD3B7,UKB_hyperthyroid,available_eqtlgen,5e-06,2768,rs4889606,6.607304348526925e-122,6.864595872590654e-122,0.46615574128522236,0.48420879311683634,0.04963546559792139
HSD3B7,UKB_hyperthyroid,available_eqtlgen,1e-05,2768,rs4889606,6.294856228741547e-122,6.539980876770824e-122,0.44411203371419167,0.4613113876073365,0.09457657867848089
VKORC1,UKB_hyperthyroid,original_reference,1e-06,2644,rs34649473,7.9834581674058555e-28,8.253967254608056e-28,0.4901684013738861,0.5067462662333095,0.003085332392801851
VKORC1,UKB_hyperthyroid,original_reference,5e-06,2644,rs34649473,7.8861328034363785e-28,8.153344147377834e-28,0.48419281822812366,0.5005685843607237,0.015238597411155361
VKORC1,UKB_hyperthyroid,original_reference,1e-05,2644,rs34649473,7.767762990439794e-28,8.030963527360712e-28,0.4769251479039595,0.49305511594729245,0.030019736148750645
VKORC1,UKB_hyperthyroid,paired_reference,1e-06,2644,rs34649473,7.9834581674058555e-28,8.253967254608056e-28,0.4901684013738861,0.5067462662333095,0.003085332392801851
VKORC1,UKB_hyperthyroid,paired_reference,5e-06,2644,rs34649473,7.8861328034363785e-28,8.153344147377834e-28,0.48419281822812366,0.5005685843607237,0.015238597411155361
VKORC1,UKB_hyperthyroid,paired_reference,1e-05,2644,rs34649473,7.767762990439794e-28,8.030963527360712e-28,0.4769251479039595,0.49305511594729245,0.030019736148750645
VKORC1,UKB_hyperthyroid,paired_eqtlgen,1e-06,2644,rs34649473,7.942463385319611e-28,8.21158341769749e-28,0.4901684836871955,0.5067463530267615,0.0030851632860442856
VKORC1,UKB_hyperthyroid,paired_eqtlgen,5e-06,2644,rs34649473,7.845643026042194e-28,8.111482426585907e-28,0.48419322306656987,0.5005690045666782,0.015237772366753442
VKORC1,UKB_hyperthyroid,paired_eqtlgen,1e-05,2644,rs34649473,7.727887239412072e-28,7.989736638419341e-28,0.4769259342447459,0.4930559305331351,0.03001813522211759
VKORC1,UKB_hyperthyroid,available_eqtlgen,1e-06,2660,rs34649473,7.93843814309941e-28,8.215633741791704e-28,0.489920066190025,0.5069963340853745,0.003083599724600848
VKORC1,UKB_hyperthyroid,available_eqtlgen,5e-06,2660,rs34649473,7.841715298559247e-28,8.115533514154737e-28,0.4839508236835005,0.5008190323642797,0.015230143952217487
VKORC1,UKB_hyperthyroid,available_eqtlgen,1e-05,2660,rs34649473,7.724076501542825e-28,7.993786987610088e-28,0.47669075486619805,0.49330591230735965,0.03000333282644187
PRSS36,UKB_hyperthyroid,original_reference,1e-06,2577,rs78924645,1.1555946887624955e-42,1.1896993144891435e-42,0.48647504463708374,0.5007039875873653,0.012820967775552049
PRSS36,UKB_hyperthyroid,original_reference,5e-06,2577,rs78924645,1.0992223133328662e-42,1.1316632426233615e-42,0.462743753622935,0.4762785783657169,0.06097766801135319
PRSS36,UKB_hyperthyroid,original_reference,1e-05,2577,rs78924645,1.036046607270437e-42,1.0666230560201087e-42,0.4361484389113286,0.44890537541513914,0.11494618567353408
PRSS36,UKB_hyperthyroid,paired_reference,1e-06,2577,rs78924645,1.1555946887624955e-42,1.1896993144891435e-42,0.48647504463708374,0.5007039875873653,0.012820967775552049
PRSS36,UKB_hyperthyroid,paired_reference,5e-06,2577,rs78924645,1.0992223133328662e-42,1.1316632426233615e-42,0.462743753622935,0.4762785783657169,0.06097766801135319
PRSS36,UKB_hyperthyroid,paired_reference,1e-05,2577,rs78924645,1.036046607270437e-42,1.0666230560201087e-42,0.4361484389113286,0.44890537541513914,0.11494618567353408
PRSS36,UKB_hyperthyroid,paired_eqtlgen,1e-06,2577,rs78924645,1.1587961774091851e-42,1.1929952874503984e-42,0.48647508644338294,0.5007040314845143,0.012820882072106474
PRSS36,UKB_hyperthyroid,paired_eqtlgen,5e-06,2577,rs78924645,1.1022679859693009e-42,1.1347988010358054e-42,0.4627439442862792,0.4762787754314957,0.06097728028222759
PRSS36,UKB_hyperthyroid,paired_eqtlgen,1e-05,2577,rs78924645,1.038917615348077e-42,1.0695787950651876e-42,0.43614877800511026,0.448905725205352,0.11494549678953968
PRSS36,UKB_hyperthyroid,available_eqtlgen,1e-06,2593,rs78924645,1.1582133221357938e-42,1.1935933500627621e-42,0.48623039753688263,0.5009551690822283,0.01281443338089491
PRSS36,UKB_hyperthyroid,available_eqtlgen,5e-06,2593,rs78924645,1.1017405962415228e-42,1.135395547638058e-42,0.46252254041179985,0.47652935441733524,0.06094810517085899
PRSS36,UKB_hyperthyroid,available_eqtlgen,1e-05,2593,rs78924645,1.0384490917810716e-42,1.070170672914501e-42,0.43595208677743524,0.44915425372346107,0.11489365949910256
TSHR,FinnGen_GO,original_reference,1e-06,6579,rs179252,8.755757368659783e-37,8.198659216142183e-35,0.0014089647045497245,0.12317758740183786,0.8754134478936056
TSHR,FinnGen_GO,original_reference,5e-06,6579,rs179252,1.9450090509064774e-37,1.8212549422363933e-35,0.0003129882416072999,0.027362741140241342,0.9723242706181445
TSHR,FinnGen_GO,original_reference,1e-05,6579,rs179252,9.86150746041831e-38,9.234054305206162e-36,0.00015869005227482654,0.01387334808371335,0.9859679618640182
TSHR,FinnGen_GO,paired_reference,1e-06,6579,rs179252,8.755757368659783e-37,8.198659216142183e-35,0.0014089647045497245,0.12317758740183786,0.8754134478936056
TSHR,FinnGen_GO,paired_reference,5e-06,6579,rs179252,1.9450090509064774e-37,1.8212549422363933e-35,0.0003129882416072999,0.027362741140241342,0.9723242706181445
TSHR,FinnGen_GO,paired_reference,1e-05,6579,rs179252,9.86150746041831e-38,9.234054305206162e-36,0.00015869005227482654,0.01387334808371335,0.9859679618640182
TSHR,FinnGen_GO,paired_eqtlgen,1e-06,6579,rs179252,8.74598069644493e-37,8.189504599313213e-35,0.0014089391563075313,0.12317517070972514,0.8754158901339646
TSHR,FinnGen_GO,paired_eqtlgen,5e-06,6579,rs179252,1.9428330391273857e-37,1.819217382459904e-35,0.0003129818871092648,0.027362144916725485,0.9723248731961629
TSHR,FinnGen_GO,paired_eqtlgen,1e-05,6579,rs179252,9.850471722637785e-38,9.223720732740453e-36,0.00015868678196106586,0.013873041550393837,0.9859682716676509
TSHR,FinnGen_GO,available_eqtlgen,1e-06,6675,rs179252,8.74187880321155e-37,8.214777040589195e-35,0.0014082783592863522,0.12358640439053739,0.8750053172501722
TSHR,FinnGen_GO,available_eqtlgen,5e-06,6675,rs179252,1.9426305523113385e-37,1.825497380907593e-35,0.0003129492673707052,0.0274635156153345,0.9722235351172996
TSHR,FinnGen_GO,available_eqtlgen,1e-05,6675,rs179252,9.84995117298302e-38,9.256036896441448e-36,0.00015867839613428603,0.013925153577330703,0.9859161680265384
IGF1R,FinnGen_GO,original_reference,1e-06,7740,rs2654980,5.595579708289905e-77,3.107654258294187e-77,0.6408610293352476,0.35588672282118855,0.0032522478435672965
IGF1R,FinnGen_GO,original_reference,5e-06,7740,rs2654980,5.523721660850063e-77,3.067745977336578e-77,0.6326311363395151,0.35131645015152974,0.016052413508962065
IGF1R,FinnGen_GO,original_reference,1e-05,7740,rs2654980,5.436453461858009e-77,3.019279258185114e-77,0.6226363206546586,0.3457660702150636,0.03159760913027007
IGF1R,FinnGen_GO,paired_reference,1e-06,7740,rs2654980,5.595579708289905e-77,3.107654258294187e-77,0.6408610293352476,0.35588672282118855,0.0032522478435672965
IGF1R,FinnGen_GO,paired_reference,5e-06,7740,rs2654980,5.523721660850063e-77,3.067745977336578e-77,0.6326311363395151,0.35131645015152974,0.016052413508962065
IGF1R,FinnGen_GO,paired_reference,1e-05,7740,rs2654980,5.436453461858009e-77,3.019279258185114e-77,0.6226363206546586,0.3457660702150636,0.03159760913027007
IGF1R,FinnGen_GO,paired_eqtlgen,1e-06,7740,rs2654980,5.1993340735972206e-77,2.8875886890094035e-77,0.6408607896140548,0.35588658591940076,0.0032526244665546412
IGF1R,FinnGen_GO,paired_eqtlgen,5e-06,7740,rs2654980,5.132556952320706e-77,2.8505022357534264e-77,0.6326299588838779,0.3513157925500525,0.016054248566060237
IGF1R,FinnGen_GO,paired_eqtlgen,1e-05,7740,rs2654980,5.051459564845391e-77,2.805462641169362e-77,0.6226340372836507,0.3457647985290808,0.031601164187281754
IGF1R,FinnGen_GO,available_eqtlgen,1e-06,7850,rs2654980,5.1763816056888736e-77,2.910656484929917e-77,0.6380317087165549,0.3587300255323678,0.003238265751067285
IGF1R,FinnGen_GO,available_eqtlgen,5e-06,7850,rs2654980,5.110189005536469e-77,2.873436678593338e-77,0.6298729250339113,0.3541427916397526,0.015984283326332272
IGF1R,FinnGen_GO,available_eqtlgen,1e-05,7850,rs2654980,5.029791394809573e-77,2.828229457630739e-77,0.6199632566871197,0.3485711319079615,0.03146561140493244
CTLA4,FinnGen_GO,original_reference,1e-06,4924,rs1863800,1.3983793435004051e-67,4.158074634427521e-65,0.0006439995083970247,0.18333272896900743,0.8160232715225941
CTLA4,FinnGen_GO,original_reference,5e-06,4924,rs1863800,3.2794296823912474e-68,9.751369284107134e-66,0.00015102848258584581,0.042994541926639845,0.956854429590765
CTLA4,FinnGen_GO,original_reference,1e-05,4924,rs1863800,1.6758679811850102e-68,4.983185839810449e-66,7.717921185247744e-05,0.021971252064789965,0.9779515687233463
CTLA4,FinnGen_GO,paired_reference,1e-06,4924,rs1863800,1.3983793435004051e-67,4.158074634427521e-65,0.0006439995083970247,0.18333272896900743,0.8160232715225941
CTLA4,FinnGen_GO,paired_reference,5e-06,4924,rs1863800,3.2794296823912474e-68,9.751369284107134e-66,0.00015102848258584581,0.042994541926639845,0.956854429590765
CTLA4,FinnGen_GO,paired_reference,1e-05,4924,rs1863800,1.6758679811850102e-68,4.983185839810449e-66,7.717921185247744e-05,0.021971252064789965,0.9779515687233463
CTLA4,FinnGen_GO,paired_eqtlgen,1e-06,4924,rs1863800,1.3970210845076546e-67,4.154035857474051e-65,0.000644009108640037,0.18333561252850974,0.8160203783628628
CTLA4,FinnGen_GO,paired_eqtlgen,5e-06,4924,rs1863800,3.2762532332006655e-68,9.741924126848271e-66,0.00015103114389545486,0.042995334857028306,0.9568536339990652
CTLA4,FinnGen_GO,paired_eqtlgen,1e-05,4924,rs1863800,1.67424541942122e-68,4.978361159766249e-66,7.718060322519183e-05,0.021971666204366382,0.9779511531924162
CTLA4,FinnGen_GO,available_eqtlgen,1e-06,4993,rs1863800,1.3970154240946555e-67,4.154106919630489e-65,0.0006440064992610015,0.1833389214676275,0.8160170720331241
CTLA4,FinnGen_GO,available_eqtlgen,5e-06,4993,rs1863800,3.2762501200620322e-68,9.742120995557284e-66,0.0001510310003836884,0.042996244215386684,0.9568527247842389
CTLA4,FinnGen_GO,available_eqtlgen,1e-05,4993,rs1863800,1.6742446064372534e-68,4.97846407763339e-66,7.718056574765585e-05,0.021972141117634552,0.9779506783166312
TNFSF14,FinnGen_GO,original_reference,1e-06,7703,rs2291668,5.595600530577786e-186,3.1966728658515868e-186,0.6353417792665931,0.3629429649893544,0.0017152557440629815
TNFSF14,FinnGen_GO,original_reference,5e-06,7703,rs2291668,5.557470597120941e-186,3.1748898734822855e-186,0.6310123887689324,0.36046977359049576,0.008517837640554745
TNFSF14,FinnGen_GO,original_reference,1e-05,7703,rs2291668,5.5105327736421346e-186,3.1480750810617248e-186,0.6256829232145271,0.35742528306075705,0.016891793724704843
TNFSF14,FinnGen_GO,paired_reference,1e-06,7703,rs2291668,5.595600530577786e-186,3.1966728658515868e-186,0.6353417792665931,0.3629429649893544,0.0017152557440629815
TNFSF14,FinnGen_GO,paired_reference,5e-06,7703,rs2291668,5.557470597120941e-186,3.1748898734822855e-186,0.6310123887689324,0.36046977359049576,0.008517837640554745
TNFSF14,FinnGen_GO,paired_reference,1e-05,7703,rs2291668,5.5105327736421346e-186,3.1480750810617248e-186,0.6256829232145271,0.35742528306075705,0.016891793724704843
TNFSF14,FinnGen_GO,paired_eqtlgen,1e-06,7703,rs2291668,6.306729428651873e-186,3.6029288950613135e-186,0.6353417792665931,0.3629429649893544,0.001715255744056644
TNFSF14,FinnGen_GO,paired_eqtlgen,5e-06,7703,rs2291668,6.2637536707991236e-186,3.5783775643745412e-186,0.6310123887689683,0.36046977359051624,0.008517837640523758
TNFSF14,FinnGen_GO,paired_eqtlgen,1e-05,7703,rs2291668,6.210850653324409e-186,3.5481549565310975e-186,0.6256829232145626,0.35742528306077737,0.016891793724643393
TNFSF14,FinnGen_GO,available_eqtlgen,1e-06,7823,rs2291668,6.2642243820381016e-186,3.645547546599984e-186,0.6310598083577545,0.3672364960937349,0.0017036955485257488
TNFSF14,FinnGen_GO,available_eqtlgen,5e-06,7823,rs2291668,6.221824006582952e-186,3.6208720919405605e-186,0.6267883820522495,0.36475079884447037,0.008460819103255919
TNFSF14,FinnGen_GO,available_eqtlgen,1e-05,7823,rs2291668,6.169623934537744e-186,3.590493575308492e-186,0.6215297314273509,0.3616906001056305,0.016779668467000065
IFNGR1,FinnGen_GO,original_reference,1e-06,5891,rs11754268,2.5566547506707708e-61,1.3528608621576145e-61,0.6526557987152861,0.34533450609352745,0.002009695191181678
IFNGR1,FinnGen_GO,original_reference,5e-06,5891,rs11754268,2.5362662622277816e-61,1.3420722376685879e-61,0.6474510814159068,0.34258057594922225,0.009968342634878932
IFNGR1,FinnGen_GO,original_reference,1e-05,5891,rs11754268,2.5112334269913648e-61,1.3288260443562907e-61,0.6410607680303997,0.33919932089700194,0.019739911072604102
IFNGR1,FinnGen_GO,paired_reference,1e-06,5891,rs11754268,2.5566547506707708e-61,1.3528608621576145e-61,0.6526557987152861,0.34533450609352745,0.002009695191181678
IFNGR1,FinnGen_GO,paired_reference,5e-06,5891,rs11754268,2.5362662622277816e-61,1.3420722376685879e-61,0.6474510814159068,0.34258057594922225,0.009968342634878932
IFNGR1,FinnGen_GO,paired_reference,1e-05,5891,rs11754268,2.5112334269913648e-61,1.3288260443562907e-61,0.6410607680303997,0.33919932089700194,0.019739911072604102
IFNGR1,FinnGen_GO,paired_eqtlgen,1e-06,5891,rs11754268,2.55241208088876e-61,1.35061584182484e-61,0.6526557764060243,0.3453344939439257,0.002009729650060136
IFNGR1,FinnGen_GO,paired_eqtlgen,5e-06,5891,rs11754268,2.5320570801304076e-61,1.3398449374358374e-61,0.6474509707544769,0.34258051705330295,0.009968512192221703
IFNGR1,FinnGen_GO,paired_eqtlgen,1e-05,5891,rs11754268,2.507065368438446e-61,1.3266205047596966e-61,0.6410605508375045,0.3391992056363272,0.019740243526175448
IFNGR1,FinnGen_GO,available_eqtlgen,1e-06,5983,rs11754268,2.5397744083884128e-61,1.3632920404870245e-61,0.6494243037063624,0.34857591735072246,0.0019997789429145817
IFNGR1,FinnGen_GO,available_eqtlgen,5e-06,5983,rs11754268,2.519619678876524e-61,1.3524734487920392e-61,0.6442707077269644,0.3458097451641855,0.009919547108846684
IFNGR1,FinnGen_GO,available_eqtlgen,1e-05,5983,rs11754268,2.494871681699382e-61,1.339189297468104e-61,0.6379426059940665,0.3424131616762492,0.019644232329682015
MAPKAPK5,FinnGen_GO,original_reference,1e-06,3294,rs79271898,2.1696037221136243e-133,1.0166967787559872e-133,0.6791093174454689,0.31821023039527024,0.0026804521592680665
MAPKAPK5,FinnGen_GO,original_reference,5e-06,3294,rs79271898,2.1465884119382136e-133,1.0059115872120613e-133,0.6719052776363963,0.3148346337004041,0.013260088663182602
MAPKAPK5,FinnGen_GO,original_reference,1e-05,3294,rs79271898,2.118496954489013e-133,9.927476651519813e-134,0.6631123490937635,0.3107145314642498,0.026173119441972703
MAPKAPK5,FinnGen_GO,paired_reference,1e-06,3294,rs79271898,2.1696037221136243e-133,1.0166967787559872e-133,0.6791093174454689,0.31821023039527024,0.0026804521592680665
MAPKAPK5,FinnGen_GO,paired_reference,5e-06,3294,rs79271898,2.1465884119382136e-133,1.0059115872120613e-133,0.6719052776363963,0.3148346337004041,0.013260088663182602
MAPKAPK5,FinnGen_GO,paired_reference,1e-05,3294,rs79271898,2.118496954489013e-133,9.927476651519813e-134,0.6631123490937635,0.3107145314642498,0.026173119441972703
MAPKAPK5,FinnGen_GO,paired_eqtlgen,1e-06,3294,rs79271898,1.8844351002356083e-133,8.830640714046125e-134,0.6791092969779052,0.31821022050034287,0.002680482521780018
MAPKAPK5,FinnGen_GO,paired_eqtlgen,5e-06,3294,rs79271898,1.864444654993398e-133,8.736963601140672e-134,0.6719051766486801,0.31483458607938114,0.013260237271931196
MAPKAPK5,FinnGen_GO,paired_eqtlgen,1e-05,3294,rs79271898,1.8400452188009855e-133,8.622625540565624e-134,0.6631121521729555,0.31071443889580297,0.02617340893121879
MAPKAPK5,FinnGen_GO,available_eqtlgen,1e-06,3346,rs79271898,1.8787626183017747e-133,8.887587190469708e-134,0.6770650582467735,0.3202625279564951,0.0026724137967404278
MAPKAPK5,FinnGen_GO,available_eqtlgen,5e-06,3346,rs79271898,1.8588917069248412e-133,8.793586779935553e-134,0.6699040153146968,0.31687524089405156,0.013220743791258241
MAPKAPK5,FinnGen_GO,available_eqtlgen,1e-05,3346,rs79271898,1.834636448489242e-133,8.67884598081926e-134,0.6611629493569688,0.31274057784127873,0.0260964728017488
HSD3B7,FinnGen_GO,original_reference,1e-06,3104,rs4889606,1.0605070970159575e-121,3.4759418361843986e-122,0.7511272624185598,0.24616406875860689,0.0027086688228063222
HSD3B7,FinnGen_GO,original_reference,5e-06,3104,rs4889606,1.0491400057189728e-121,3.43868480291598e-122,0.7430762722916756,0.24352554851532912,0.01339817919298203
HSD3B7,FinnGen_GO,original_reference,1e-05,3104,rs4889606,1.0352692823609262e-121,3.393221809076488e-122,0.7332520301974826,0.240305887177796,0.026442082624722824
HSD3B7,FinnGen_GO,paired_reference,1e-06,3104,rs4889606,1.0605070970159575e-121,3.4759418361843986e-122,0.7511272624185598,0.24616406875860689,0.0027086688228063222
HSD3B7,FinnGen_GO,paired_reference,5e-06,3104,rs4889606,1.0491400057189728e-121,3.43868480291598e-122,0.7430762722916756,0.24352554851532912,0.01339817919298203
HSD3B7,FinnGen_GO,paired_reference,1e-05,3104,rs4889606,1.0352692823609262e-121,3.393221809076488e-122,0.7332520301974826,0.240305887177796,0.026442082624722824
HSD3B7,FinnGen_GO,paired_eqtlgen,1e-06,3104,rs4889606,1.0646500559092368e-121,3.4895208911320383e-122,0.7511272675981321,0.24616407052575853,0.0027086618761224157
HSD3B7,FinnGen_GO,paired_eqtlgen,5e-06,3104,rs4889606,1.0532385870800583e-121,3.452118405069223e-122,0.7430762978420447,0.2435255569577774,0.013398145200153788
HSD3B7,FinnGen_GO,paired_eqtlgen,1e-05,3104,rs4889606,1.0393137110706457e-121,3.406477919285591e-122,0.7332520800058276,0.24030590356930687,0.02644201642486303
HSD3B7,FinnGen_GO,available_eqtlgen,1e-06,3135,rs4889606,1.0624848512998234e-121,3.511250236497933e-122,0.749599681878268,0.2476971649168765,0.0027031532048487233
HSD3B7,FinnGen_GO,available_eqtlgen,5e-06,3135,rs4889606,1.0511195030860486e-121,3.473690565360338e-122,0.7415812509377621,0.24504756052261045,0.013371188539629437
HSD3B7,FinnGen_GO,available_eqtlgen,1e-05,3135,rs4889606,1.0372502346359504e-121,3.427856055752145e-122,0.7317962651044495,0.24181421703507025,0.02638951786047642
VKORC1,FinnGen_GO,original_reference,1e-06,2961,rs2884737,3.0835313233556524e-27,9.634334866872902e-28,0.7596449645605735,0.23731677561206838,0.003038259827360818
VKORC1,FinnGen_GO,original_reference,5e-06,2961,rs2884737,3.0465070039797936e-27,9.518654287148195e-28,0.7505238190845658,0.23446728547491347,0.015008895440524129
VKORC1,FinnGen_GO,original_reference,1e-05,2961,rs2884737,3.0014584282609427e-27,9.377902331601731e-28,0.739425853759469,0.23100022721786304,0.02957391902267029
VKORC1,FinnGen_GO,paired_reference,1e-06,2961,rs2884737,3.0835313233556524e-27,9.634334866872902e-28,0.7596449645605735,0.23731677561206838,0.003038259827360818
VKORC1,FinnGen_GO,paired_reference,5e-06,2961,rs2884737,3.0465070039797936e-27,9.518654287148195e-28,0.7505238190845658,0.23446728547491347,0.015008895440524129
VKORC1,FinnGen_GO,paired_reference,1e-05,2961,rs2884737,3.0014584282609427e-27,9.377902331601731e-28,0.739425853759469,0.23100022721786304,0.02957391902267029
VKORC1,FinnGen_GO,paired_eqtlgen,1e-06,2961,rs2884737,3.0689802838209888e-27,9.588870892994572e-28,0.7596449603364911,0.23731677423627595,0.0030382654272324535
VKORC1,FinnGen_GO,paired_eqtlgen,5e-06,2961,rs2884737,3.032130613367196e-27,9.473735994835212e-28,0.7505237983017086,0.2344672789267538,0.01500892277153525
VKORC1,FinnGen_GO,paired_eqtlgen,1e-05,2961,rs2884737,2.9872945403157823e-27,9.333647992932636e-28,0.7394258133735095,0.23100021454641967,0.029573972080073133
VKORC1,FinnGen_GO,available_eqtlgen,1e-06,2997,rs2884737,3.0619932665474654e-27,9.659017722984058e-28,0.7579155088676769,0.2390531427951511,0.0030313483371704765
VKORC1,FinnGen_GO,available_eqtlgen,5e-06,2997,rs2884737,3.0253101904860435e-27,9.543301439188842e-28,0.7488355828718654,0.23618925517146466,0.014975161956667598
VKORC1,FinnGen_GO,available_eqtlgen,1e-05,2997,rs2884737,2.9806741129052526e-27,9.402497516088225e-28,0.7377871015368141,0.23270446807401698,0.029508430389170278
PRSS36,FinnGen_GO,original_reference,1e-06,2821,rs78924645,1.827557867838981e-42,5.389270667876565e-43,0.7693539127337984,0.2268360549679332,0.003810032298269166
PRSS36,FinnGen_GO,original_reference,5e-06,2821,rs78924645,1.8001237493355772e-42,5.308370416918016e-43,0.7578048686326919,0.22343093859796923,0.018764192769337343
PRSS36,FinnGen_GO,original_reference,1e-05,2821,rs78924645,1.7669680207764817e-42,5.210597756177648e-43,0.743847176815993,0.21931565732656083,0.03683716585744971
PRSS36,FinnGen_GO,paired_reference,1e-06,2821,rs78924645,1.827557867838981e-42,5.389270667876565e-43,0.7693539127337984,0.2268360549679332,0.003810032298269166
PRSS36,FinnGen_GO,paired_reference,5e-06,2821,rs78924645,1.8001237493355772e-42,5.308370416918016e-43,0.7578048686326919,0.22343093859796923,0.018764192769337343
PRSS36,FinnGen_GO,paired_reference,1e-05,2821,rs78924645,1.7669680207764817e-42,5.210597756177648e-43,0.743847176815993,0.21931565732656083,0.03683716585744971
PRSS36,FinnGen_GO,paired_eqtlgen,1e-06,2821,rs78924645,1.8326208123060772e-42,5.4042007440124705e-43,0.7693539083618616,0.22683605362151452,0.0038100380166189237
PRSS36,FinnGen_GO,paired_eqtlgen,5e-06,2821,rs78924645,1.8051106514807048e-42,5.323076252463506e-43,0.7578048472530168,0.2234309322378562,0.018764220509126784
PRSS36,FinnGen_GO,paired_eqtlgen,1e-05,2821,rs78924645,1.7718630230050733e-42,5.225032588799902e-43,0.743847135575988,0.219315645111876,0.036837219312137695
PRSS36,FinnGen_GO,available_eqtlgen,1e-06,2852,rs78924645,1.8290290250916807e-42,5.440294711932835e-43,0.7678460374958077,0.22835139185111047,0.003802570653080016
PRSS36,FinnGen_GO,available_eqtlgen,5e-06,2852,rs78924645,1.801625787699144e-42,5.3587860614788125e-43,0.7563418639929506,0.22493014084089288,0.018727995166160777
PRSS36,FinnGen_GO,available_eqtlgen,1e-05,2852,rs78924645,1.7685052302948525e-42,5.260271718168267e-43,0.7424374981170384,0.22079509143577178,0.03676741044719433
