"file_name","relative_path","file_size_bytes.size","file_size_bytes.isdir","file_size_bytes.mode","file_size_bytes.mtime","file_size_bytes.ctime","file_size_bytes.atime","file_size_bytes.exe","created_at.size","created_at.isdir","created_at.mode","created_at.mtime","created_at.ctime","created_at.atime","created_at.exe","md5_hash"
"WEEK2_MANIFEST.md","WEEK2_MANIFEST.md",5749,FALSE,666,2026-05-26 16:17:22.840189,2026-05-26 16:15:51.647703,2026-05-26 16:17:40.768171,"no",5749,FALSE,666,2026-05-26 16:17:22.840189,2026-05-26 16:15:51.647703,2026-05-26 16:17:40.768171,"no","e121f563bef5fbfbecdd65e44432d4ad"
"WEEK2_D4_VERIFICATION.md","WEEK2_D4_VERIFICATION.md",5611,FALSE,666,2026-05-26 16:13:07.765902,2026-05-26 16:13:10.701231,2026-05-26 16:13:10.705481,"no",5611,FALSE,666,2026-05-26 16:13:07.765902,2026-05-26 16:13:10.701231,2026-05-26 16:13:10.705481,"no","73d8276aff1570cd474f8a9bda4ebdf1"
"TaskD_04_hit_classification_VERIFIED.csv","TrackA_MR/v5_upgrade/04_druggable_mr/results/TaskD_04_hit_classification_VERIFIED.csv",1513,FALSE,666,2026-05-26 16:15:33.946339,2026-05-26 16:15:33.945314,2026-05-26 16:15:33.946339,"no",1513,FALSE,666,2026-05-26 16:15:33.946339,2026-05-26 16:15:33.945314,2026-05-26 16:15:33.946339,"no","4ed3c4f7d1bca0fbbd673895b8345c57"
"TaskD_01_druggable_gene_master_v1.csv","TrackA_MR/v5_upgrade/04_druggable_mr/results/TaskD_01_druggable_gene_master_v1.csv",274630,FALSE,666,2026-05-22 16:20:15.884068,2026-05-22 16:20:15.882559,2026-05-22 16:20:15.884068,"no",274630,FALSE,666,2026-05-22 16:20:15.884068,2026-05-22 16:20:15.882559,2026-05-22 16:20:15.884068,"no","0a5be04c870497838ca0034d0734a17a"
"TaskD_02_denominator_note.txt","TrackA_MR/v5_upgrade/04_druggable_mr/results/TaskD_02_denominator_note.txt",624,FALSE,666,2026-05-23 02:07:16.499388,2026-05-23 02:07:16.497877,2026-05-23 02:07:16.499388,"no",624,FALSE,666,2026-05-23 02:07:16.499388,2026-05-23 02:07:16.497877,2026-05-23 02:07:16.499388,"no","07c5d74144bbc30bb4aaa192d5b73df0"
"TaskD_02a_eqtl_instruments_snp_level_v1.csv","TrackA_MR/v5_upgrade/04_druggable_mr/results/TaskD_02a_eqtl_instruments_snp_level_v1.csv",507772,FALSE,666,2026-05-23 02:07:16.492121,2026-05-23 02:07:16.480764,2026-05-23 02:07:16.492121,"no",507772,FALSE,666,2026-05-23 02:07:16.492121,2026-05-23 02:07:16.480764,2026-05-23 02:07:16.492121,"no","0b44ae29bad2b384c2b727d27f8d71e4"
"TaskD_02b_eqtl_instrument_gene_summary_v1.csv","TrackA_MR/v5_upgrade/04_druggable_mr/results/TaskD_02b_eqtl_instrument_gene_summary_v1.csv",270178,FALSE,666,2026-05-23 02:07:16.49312,2026-05-23 02:07:16.49312,2026-05-23 02:07:16.49312,"no",270178,FALSE,666,2026-05-23 02:07:16.49312,2026-05-23 02:07:16.49312,2026-05-23 02:07:16.49312,"no","5b5c777adf241fe615df584005bd4641"
"TaskD_03_DRYRUN_5gene_v1.csv","TrackA_MR/v5_upgrade/04_druggable_mr/results/TaskD_03_DRYRUN_5gene_v1.csv",5476,FALSE,666,2026-05-26 12:08:54.185347,2026-05-26 08:43:32.468077,2026-05-26 12:08:54.185347,"no",5476,FALSE,666,2026-05-26 12:08:54.185347,2026-05-26 08:43:32.468077,2026-05-26 12:08:54.185347,"no","19ddd57df65f2a3abefe6e52561b9745"
"TaskD_03a_MR_BBJ_discovery_v1.csv","TrackA_MR/v5_upgrade/04_druggable_mr/results/TaskD_03a_MR_BBJ_discovery_v1.csv",786130,FALSE,666,2026-05-26 15:47:45.630257,2026-05-26 15:47:45.625111,2026-05-26 15:47:45.630257,"no",786130,FALSE,666,2026-05-26 15:47:45.630257,2026-05-26 15:47:45.625111,2026-05-26 15:47:45.630257,"no","a76bc2391a8631df19b82b98493776d7"
"TaskD_03b_MR_UKB_replication_v1.csv","TrackA_MR/v5_upgrade/04_druggable_mr/results/TaskD_03b_MR_UKB_replication_v1.csv",1228372,FALSE,666,2026-05-26 15:47:45.644463,2026-05-26 15:47:45.640421,2026-05-26 15:47:45.644463,"no",1228372,FALSE,666,2026-05-26 15:47:45.644463,2026-05-26 15:47:45.640421,2026-05-26 15:47:45.644463,"no","543a6a88fe514caa702fa0c2f5add49f"
"TaskD_03c_MR_FinnGen_GO_sensitivity_v1.csv","TrackA_MR/v5_upgrade/04_druggable_mr/results/TaskD_03c_MR_FinnGen_GO_sensitivity_v1.csv",1200172,FALSE,666,2026-05-26 15:47:45.653069,2026-05-26 15:47:45.649008,2026-05-26 15:47:45.653069,"no",1200172,FALSE,666,2026-05-26 15:47:45.653069,2026-05-26 15:47:45.649008,2026-05-26 15:47:45.653069,"no","ce1312268d789306a16218ffa3710f38"
"TaskD_03d_MR_all_outcomes_merged_v1.csv","TrackA_MR/v5_upgrade/04_druggable_mr/results/TaskD_03d_MR_all_outcomes_merged_v1.csv",3214112,FALSE,666,2026-05-26 15:47:45.666025,2026-05-26 15:47:45.654099,2026-05-26 15:47:45.666025,"no",3214112,FALSE,666,2026-05-26 15:47:45.666025,2026-05-26 15:47:45.654099,2026-05-26 15:47:45.666025,"no","c99d5b298caa14b3c50698556c570bc5"
"TaskD_03e_harmonization_qc_v1.csv","TrackA_MR/v5_upgrade/04_druggable_mr/results/TaskD_03e_harmonization_qc_v1.csv",584354,FALSE,666,2026-05-26 15:47:45.670256,2026-05-26 15:47:45.668751,2026-05-26 15:47:45.670256,"no",584354,FALSE,666,2026-05-26 15:47:45.670256,2026-05-26 15:47:45.668751,2026-05-26 15:47:45.670256,"no","4f60d7ebde94b9c1a6ea4d68985d1ec1"
"TaskD_04_Hit_Classification_Report_v1.md","TrackA_MR/v5_upgrade/04_druggable_mr/results/TaskD_04_Hit_Classification_Report_v1.md",3866,FALSE,666,2026-05-26 16:09:55.507015,2026-05-26 16:09:55.505476,2026-05-26 16:09:55.507015,"no",3866,FALSE,666,2026-05-26 16:09:55.507015,2026-05-26 16:09:55.505476,2026-05-26 16:09:55.507015,"no","0ddb013a147749644e81cb8362e74f73"
"check_range.R","TrackA_MR/v5_upgrade/scripts/check_range.R",320,FALSE,666,2026-05-22 08:27:04.902298,2026-05-22 08:27:04.90127,2026-05-22 08:27:04.902298,"no",320,FALSE,666,2026-05-22 08:27:04.902298,2026-05-22 08:27:04.90127,2026-05-22 08:27:04.902298,"no","c2834da06921983d8b5c13ae1a630673"
"check_surfsara.R","TrackA_MR/v5_upgrade/scripts/check_surfsara.R",987,FALSE,666,2026-05-22 14:39:48.40115,2026-05-22 14:39:48.400116,2026-05-22 14:39:48.40115,"no",987,FALSE,666,2026-05-22 14:39:48.40115,2026-05-22 14:39:48.400116,2026-05-22 14:39:48.40115,"no","b4ded11b2c9fd013ca3b9f06d3b4fb73"
"copy_files.R","TrackA_MR/v5_upgrade/scripts/copy_files.R",1454,FALSE,666,2026-05-22 13:38:16.065027,2026-05-22 13:38:16.064507,2026-05-22 13:38:16.065027,"no",1454,FALSE,666,2026-05-22 13:38:16.065027,2026-05-22 13:38:16.064507,2026-05-22 13:38:16.065027,"no","b6ee5e2be80ecea012fd0564252b279b"
"download_bits.ps1","TrackA_MR/v5_upgrade/scripts/download_bits.ps1",859,FALSE,666,2026-05-22 14:37:43.113234,2026-05-22 14:37:43.112198,2026-05-22 14:37:43.113234,"no",859,FALSE,666,2026-05-22 14:37:43.113234,2026-05-22 14:37:43.112198,2026-05-22 14:37:43.113234,"no","235f0d6e534ce460206fb5c2c8dded82"
"download_official_panels.ps1","TrackA_MR/v5_upgrade/scripts/download_official_panels.ps1",1052,FALSE,666,2026-05-22 14:40:22.958973,2026-05-22 14:40:22.957949,2026-05-22 14:40:22.958973,"no",1052,FALSE,666,2026-05-22 14:40:22.958973,2026-05-22 14:40:22.957949,2026-05-22 14:40:22.958973,"no","c779a30867b587c096fd332411a3cb11"
"download_panels.ps1","TrackA_MR/v5_upgrade/scripts/download_panels.ps1",1270,FALSE,666,2026-05-22 14:32:30.707649,2026-05-22 14:32:30.706129,2026-05-22 14:32:30.707649,"no",1270,FALSE,666,2026-05-22 14:32:30.707649,2026-05-22 14:32:30.706129,2026-05-22 14:32:30.707649,"no","46a7341800c3993a140b74908aacdf10"
"download_prereqs.R","TrackA_MR/v5_upgrade/scripts/download_prereqs.R",2830,FALSE,666,2026-05-22 13:42:04.660444,2026-05-22 13:42:04.659927,2026-05-22 13:42:04.660444,"no",2830,FALSE,666,2026-05-22 13:42:04.660444,2026-05-22 13:42:04.659927,2026-05-22 13:42:04.660444,"no","b4e2360dba11bade249919888f48c598"
"download_prereqs_v2.R","TrackA_MR/v5_upgrade/scripts/download_prereqs_v2.R",3163,FALSE,666,2026-05-22 13:51:42.634537,2026-05-22 13:51:42.633892,2026-05-22 13:51:42.634537,"no",3163,FALSE,666,2026-05-22 13:51:42.634537,2026-05-22 13:51:42.633892,2026-05-22 13:51:42.634537,"no","2fc34e2cad08df1c04910f30d44b2ead"
"fix_paths.R","TrackA_MR/v5_upgrade/scripts/fix_paths.R",1074,FALSE,666,2026-05-22 14:34:27.728893,2026-05-22 14:34:20.047695,2026-05-22 14:34:27.728893,"no",1074,FALSE,666,2026-05-22 14:34:27.728893,2026-05-22 14:34:20.047695,2026-05-22 14:34:27.728893,"no","6cb912e26bd62c25a03307630ffef0be"
"monitor_bits.ps1","TrackA_MR/v5_upgrade/scripts/monitor_bits.ps1",3255,FALSE,666,2026-05-22 14:40:34.925724,2026-05-22 14:37:56.379097,2026-05-22 14:40:34.925724,"no",3255,FALSE,666,2026-05-22 14:40:34.925724,2026-05-22 14:37:56.379097,2026-05-22 14:40:34.925724,"no","717bee2c0578b4d2ef14a79f5444a01a"
"populate_manifest.py","TrackA_MR/v5_upgrade/scripts/populate_manifest.py",1331,FALSE,666,2026-05-22 15:32:59.467377,2026-05-22 15:32:59.465837,2026-05-22 15:32:59.467377,"no",1331,FALSE,666,2026-05-22 15:32:59.467377,2026-05-22 15:32:59.465837,2026-05-22 15:32:59.467377,"no","4064f4d0add1392abea99f4e78b787ec"
"run_week1.sh","TrackA_MR/v5_upgrade/scripts/run_week1.sh",5655,FALSE,666,2026-05-22 14:55:34.249422,2026-05-22 08:24:36.207924,2026-05-22 14:55:34.249422,"no",5655,FALSE,666,2026-05-22 14:55:34.249422,2026-05-22 08:24:36.207924,2026-05-22 14:55:34.249422,"no","3b2621c3adea9ee54d88817b0e615f8e"
"taskA_01_pqtl_check.R","TrackA_MR/v5_upgrade/scripts/taskA_01_pqtl_check.R",11771,FALSE,666,2026-05-22 15:02:04.620787,2026-05-22 08:24:36.200352,2026-05-22 15:02:04.620787,"no",11771,FALSE,666,2026-05-22 15:02:04.620787,2026-05-22 08:24:36.200352,2026-05-22 15:02:04.620787,"no","8fb5c8ec01344c11d8368ab3085d0005"
"taskB_01_locus_extract.R","TrackA_MR/v5_upgrade/scripts/taskB_01_locus_extract.R",7769,FALSE,666,2026-05-22 08:27:21.831726,2026-05-22 08:24:36.201359,2026-05-22 08:27:21.831726,"no",7769,FALSE,666,2026-05-22 08:27:21.831726,2026-05-22 08:24:36.201359,2026-05-22 08:27:21.831726,"no","c866ba041ba8e11cdd03134c80717d34"
"taskB_02_ld_clumping.R","TrackA_MR/v5_upgrade/scripts/taskB_02_ld_clumping.R",6059,FALSE,666,2026-05-22 14:34:27.740133,2026-05-22 08:24:36.202364,2026-05-22 14:34:27.740133,"no",6059,FALSE,666,2026-05-22 14:34:27.740133,2026-05-22 08:24:36.202364,2026-05-22 14:34:27.740133,"no","0f35814069c0277ebafd428bb3f0aaa3"
"taskB_03_gcta_cojo.sh","TrackA_MR/v5_upgrade/scripts/taskB_03_gcta_cojo.sh",4501,FALSE,666,2026-05-22 14:47:55.556276,2026-05-22 08:24:36.207924,2026-05-22 14:47:55.556276,"no",4501,FALSE,666,2026-05-22 14:47:55.556276,2026-05-22 08:24:36.207924,2026-05-22 14:47:55.556276,"no","a338ebb4fe23d42a1cedb22b7448de1a"
"taskB_03_helper_make_ma.R","TrackA_MR/v5_upgrade/scripts/taskB_03_helper_make_ma.R",3791,FALSE,666,2026-05-22 14:34:27.743143,2026-05-22 08:24:36.203871,2026-05-22 14:34:27.743143,"no",3791,FALSE,666,2026-05-22 14:34:27.743143,2026-05-22 08:24:36.203871,2026-05-22 14:34:27.743143,"no","5c769b4a70a1940be3788ef8ed98649b"
"taskB_03_helper_parse_cojo.R","TrackA_MR/v5_upgrade/scripts/taskB_03_helper_parse_cojo.R",5524,FALSE,666,2026-05-22 15:15:04.001711,2026-05-22 08:24:36.203871,2026-05-22 15:15:04.001711,"no",5524,FALSE,666,2026-05-22 15:15:04.001711,2026-05-22 08:24:36.203871,2026-05-22 15:15:04.001711,"no","e056c8ba78f876895aa8f99fa76d310b"
"taskB_04_susie_finemap.R","TrackA_MR/v5_upgrade/scripts/taskB_04_susie_finemap.R",9804,FALSE,666,2026-05-22 14:49:54.550455,2026-05-22 08:24:36.204882,2026-05-22 14:49:54.550455,"no",9804,FALSE,666,2026-05-22 14:49:54.550455,2026-05-22 08:24:36.204882,2026-05-22 14:49:54.550455,"no","6c54c927930bd7f0faa7695e97c38020"
"taskB_05_integration.R","TrackA_MR/v5_upgrade/scripts/taskB_05_integration.R",8054,FALSE,666,2026-05-22 14:55:16.030872,2026-05-22 08:24:36.206385,2026-05-22 14:55:16.030872,"no",8054,FALSE,666,2026-05-22 14:55:16.030872,2026-05-22 08:24:36.206385,2026-05-22 14:55:16.030872,"no","9f39f71aa1f687e09d084a6f00939188"
"taskD_01_druggable_list.R","TrackA_MR/v5_upgrade/scripts/taskD_01_druggable_list.R",5659,FALSE,666,2026-05-22 16:19:55.295229,2026-05-22 15:58:15.469591,2026-05-22 16:19:55.295229,"no",5659,FALSE,666,2026-05-22 16:19:55.295229,2026-05-22 15:58:15.469591,2026-05-22 16:19:55.295229,"no","96a0a80ca637470a3723465ce8035e73"
"taskD_02_extract_instruments.R","TrackA_MR/v5_upgrade/scripts/taskD_02_extract_instruments.R",9576,FALSE,666,2026-05-22 16:43:36.765072,2026-05-22 15:58:11.080284,2026-05-22 16:43:36.765072,"no",9576,FALSE,666,2026-05-22 16:43:36.765072,2026-05-22 15:58:11.080284,2026-05-22 16:43:36.765072,"no","d113d890204b69e2a903cfb118818adf"
"taskD_03_mr_3outcomes.R","TrackA_MR/v5_upgrade/scripts/taskD_03_mr_3outcomes.R",12057,FALSE,666,2026-05-26 12:12:07.225376,2026-05-22 16:41:46.499889,2026-05-26 12:12:07.225376,"no",12057,FALSE,666,2026-05-26 12:12:07.225376,2026-05-22 16:41:46.499889,2026-05-26 12:12:07.225376,"no","cff23522e465b3519e13c141c694ac8c"
"test_downloads.R","TrackA_MR/v5_upgrade/scripts/test_downloads.R",1214,FALSE,666,2026-05-22 13:47:25.020411,2026-05-22 13:47:25.018814,2026-05-22 13:47:25.020411,"no",1214,FALSE,666,2026-05-22 13:47:25.020411,2026-05-22 13:47:25.018814,2026-05-22 13:47:25.020411,"no","67d81994bcc97be1195b4c55ded6331a"
"update_taskA.R","TrackA_MR/v5_upgrade/scripts/update_taskA.R",803,FALSE,666,2026-05-22 16:32:29.143524,2026-05-22 16:29:48.12079,2026-05-22 16:32:29.143524,"no",803,FALSE,666,2026-05-22 16:32:29.143524,2026-05-22 16:29:48.12079,2026-05-22 16:32:29.143524,"no","712b4175bf80005e4835035d4f6b43f6"
