Pvalue,SNP,SNPChr,SNPPos,AssessedAllele,OtherAllele,Zscore,Gene,GeneSymbol,GeneChr,GenePos,NrCohorts,NrSamples,FDR,BonferroniP
2.859e-40,rs179252,14,81435985,G,T,13.2844,ENSG00000165409,TSHR,14,81516989,36,31566,0,3.6407e-32
4.9662e-40,rs179255,14,81437602,A,G,13.2429,ENSG00000165409,TSHR,14,81516989,36,31563,0,6.324e-32
1.6399e-39,rs179248,14,81433038,C,T,13.153,ENSG00000165409,TSHR,14,81516989,36,31569,0,2.0883e-31
3.345e-39,rs179247,14,81432546,G,A,13.0989,ENSG00000165409,TSHR,14,81516989,37,31684,0,4.2596e-31
3.33e-38,rs179246,14,81431596,T,C,12.9233,ENSG00000165409,TSHR,14,81516989,36,31567,0,4.2405e-30
8.4249e-38,rs17545038,14,81457572,C,T,-12.8515,ENSG00000165409,TSHR,14,81516989,37,31684,0,1.0728e-29
2.449e-37,rs1023586,14,81462283,C,T,-12.7687,ENSG00000165409,TSHR,14,81516989,37,31679,0,3.1186e-29
3.9976e-37,rs55751898,14,81419263,G,A,-12.7305,ENSG00000165409,TSHR,14,81516989,37,31684,0,5.0906e-29
4.4743e-37,rs2160215,14,81461472,C,T,-12.7217,ENSG00000165409,TSHR,14,81516989,36,31563,0,5.6977e-29
8.2824e-37,rs2284727,14,81454684,C,T,-12.6734,ENSG00000165409,TSHR,14,81516989,36,31568,0,1.0547e-28
8.6714e-37,rs17544968,14,81457303,T,C,-12.6698,ENSG00000165409,TSHR,14,81516989,36,31569,0,1.1042e-28
9.2656e-37,rs72693090,14,81459753,G,A,-12.6647,ENSG00000165409,TSHR,14,81516989,36,31567,0,1.1799e-28
9.5048e-37,rs4903961,14,81462649,G,C,-12.6627,ENSG00000165409,TSHR,14,81516989,36,31563,0,1.2104e-28
1.0182e-36,rs113036954,14,81461716,G,A,-12.6573,ENSG00000165409,TSHR,14,81516989,36,31564,0,1.2966e-28
1.0338e-36,rs113713483,14,81461632,G,C,-12.6561,ENSG00000165409,TSHR,14,81516989,36,31564,0,1.3165e-28
1.1245e-36,rs11845052,14,81459924,T,C,-12.6495,ENSG00000165409,TSHR,14,81516989,36,31565,0,1.432e-28
1.3166e-36,rs724169,14,81457856,T,C,-12.637,ENSG00000165409,TSHR,14,81516989,36,31567,0,1.6766e-28
1.3199e-36,rs2268452,14,81424136,A,C,-12.637,ENSG00000165409,TSHR,14,81516989,36,31567,0,1.6808e-28
1.3505e-36,rs2268458,14,81462895,C,T,-12.635,ENSG00000165409,TSHR,14,81516989,36,31563,0,1.7198e-28
2.3486e-36,rs2239610,14,81422257,C,G,-12.5915,ENSG00000165409,TSHR,14,81516989,36,31566,0,2.9907e-28
4.7314e-36,rs3783947,14,81449534,C,T,-12.5361,ENSG00000165409,TSHR,14,81516989,35,31231,0,6.025e-28
4.6695e-35,rs28414437,14,81457257,C,A,-12.3532,ENSG00000165409,TSHR,14,81516989,36,31559,0,5.9462e-27
4.9566e-35,rs2284720,14,81443167,G,A,-12.3485,ENSG00000165409,TSHR,14,81516989,37,31679,0,6.3118e-27
9.6357e-35,rs8003061,14,81451956,A,G,-12.2949,ENSG00000165409,TSHR,14,81516989,37,31684,0,1.227e-26
1.015e-34,rs917985,14,81470299,G,C,-12.2907,ENSG00000165409,TSHR,14,81516989,36,31568,0,1.2925e-26
1.1013e-34,rs12101261,14,81451229,T,C,-12.2842,ENSG00000165409,TSHR,14,81516989,37,31684,0,1.4024e-26
1.4065e-34,rs59431750,14,81442069,G,A,-12.2643,ENSG00000165409,TSHR,14,81516989,36,31566,0,1.7911e-26
1.9144e-34,rs55960644,14,81470024,G,A,-12.2393,ENSG00000165409,TSHR,14,81516989,37,31684,0,2.4378e-26
2.1867e-34,rs60462373,14,81468655,C,T,-12.2285,ENSG00000165409,TSHR,14,81516989,36,31569,0,2.7846e-26
2.3428e-34,rs7152373,14,81469592,C,G,-12.2229,ENSG00000165409,TSHR,14,81516989,36,31566,0,2.9834e-26
2.6042e-34,rs58241131,14,81468579,A,G,-12.2143,ENSG00000165409,TSHR,14,81516989,36,31569,0,3.3162e-26
2.6429e-34,rs58266067,14,81468476,C,T,-12.213,ENSG00000165409,TSHR,14,81516989,36,31569,0,3.3655e-26
3.2567e-34,rs58417382,14,81468446,C,T,-12.196,ENSG00000165409,TSHR,14,81516989,36,31568,0,4.1471e-26
3.2647e-34,rs17111346,14,81452172,A,G,-12.1959,ENSG00000165409,TSHR,14,81516989,36,31569,0,4.1573e-26
3.7457e-34,rs11850464,14,81439462,T,G,-12.1846,ENSG00000165409,TSHR,14,81516989,36,31560,0,4.7698e-26
3.8576e-34,rs55957493,14,81470054,A,T,-12.1823,ENSG00000165409,TSHR,14,81516989,36,31568,0,4.9123e-26
4.1015e-34,rs4903964,14,81468954,A,G,-12.1773,ENSG00000165409,TSHR,14,81516989,36,31599,0,5.2229e-26
4.1217e-34,rs12101255,14,81451052,T,C,-12.1768,ENSG00000165409,TSHR,14,81516989,36,31569,0,5.2486e-26
4.2551e-34,rs72693078,14,81453113,A,G,-12.1742,ENSG00000165409,TSHR,14,81516989,36,31568,0,5.4185e-26
4.9048e-34,rs2284718,14,81434889,G,C,-12.1628,ENSG00000165409,TSHR,14,81516989,36,31569,0,6.2459e-26
5.3962e-34,rs72693080,14,81453719,A,G,-12.155,ENSG00000165409,TSHR,14,81516989,36,31568,0,6.8716e-26
5.793e-34,rs72693057,14,81436493,A,C,-12.1491,ENSG00000165409,TSHR,14,81516989,36,31568,0,7.3769e-26
6.0094e-34,rs3783945,14,81449690,G,C,-12.1462,ENSG00000165409,TSHR,14,81516989,36,31569,0,7.6525e-26
6.4039e-34,rs2284719,14,81435598,A,G,-12.1409,ENSG00000165409,TSHR,14,81516989,36,31569,0,8.1548e-26
6.4352e-34,rs12050350,14,81417771,C,T,-12.1406,ENSG00000165409,TSHR,14,81516989,37,31682,0,8.1947e-26
6.5303e-34,rs74064796,14,81451102,A,G,-12.1392,ENSG00000165409,TSHR,14,81516989,36,31569,0,8.3158e-26
6.6106e-34,rs55945219,14,81456613,C,G,-12.1384,ENSG00000165409,TSHR,14,81516989,36,31569,0,8.4181e-26
7.4149e-34,rs59711583,14,81451330,G,C,-12.1289,ENSG00000165409,TSHR,14,81516989,36,31569,0,9.4423e-26
7.8241e-34,rs72693075,14,81446568,A,C,-12.1246,ENSG00000165409,TSHR,14,81516989,36,31569,0,9.9633e-26
8.9261e-34,rs2268457,14,81462772,T,C,-12.1136,ENSG00000165409,TSHR,14,81516989,36,31562,0,1.1367e-25
1.1088e-33,rs2024427,14,81454236,T,C,-12.096,ENSG00000165409,TSHR,14,81516989,36,31568,0,1.412e-25
2.091e-33,rs72693093,14,81460147,T,A,-12.0436,ENSG00000165409,TSHR,14,81516989,36,31566,0,2.6627e-25
3.1868e-33,rs12050078,14,81416354,A,C,-12.0088,ENSG00000165409,TSHR,14,81516989,36,31569,0,4.0581e-25
8.6343e-32,rs12437005,14,81463745,G,A,-11.733,ENSG00000165409,TSHR,14,81516989,37,31677,0,1.0995e-23
1.8487e-31,rs1990597,14,81463132,C,G,-11.6683,ENSG00000165409,TSHR,14,81516989,36,31560,0,2.3542e-23
2.1385e-31,rs2268460,14,81463536,C,G,-11.6559,ENSG00000165409,TSHR,14,81516989,36,31561,0,2.7232e-23
3.548e-31,rs58625998,14,81298274,A,C,-11.6127,ENSG00000165409,TSHR,14,81516989,37,31676,0,4.5181e-23
1.7175e-30,rs179254,14,81437340,C,T,-11.4771,ENSG00000165409,TSHR,14,81516989,36,31567,0,2.1871e-22
2.1891e-30,rs179243,14,81428564,T,C,-11.4561,ENSG00000165409,TSHR,14,81516989,37,31684,0,2.7876e-22
2.5609e-30,rs179249,14,81435199,C,T,-11.4425,ENSG00000165409,TSHR,14,81516989,37,31684,0,3.2611e-22
4.2295e-30,rs179257,14,81439266,A,C,-11.3989,ENSG00000165409,TSHR,14,81516989,36,31566,0,5.3859e-22
8.1825e-30,rs179245,14,81429463,G,C,-11.3412,ENSG00000165409,TSHR,14,81516989,36,31568,0,1.042e-21
1.0073e-29,rs179251,14,81435760,C,A,-11.3231,ENSG00000165409,TSHR,14,81516989,36,31569,0,1.2827e-21
1.2034e-29,rs726020,14,81425425,G,C,-11.3075,ENSG00000165409,TSHR,14,81516989,36,31567,0,1.5324e-21
1.2973e-29,rs726018,14,81425428,A,G,-11.3009,ENSG00000165409,TSHR,14,81516989,36,31567,0,1.652e-21
1.5706e-29,rs2300521,14,81481332,C,A,-11.2841,ENSG00000165409,TSHR,14,81516989,37,31684,0,2e-21
1.8634e-27,rs72689904,14,81478278,G,T,-10.8562,ENSG00000165409,TSHR,14,81516989,36,31565,0,2.3729e-19
3.0466e-27,rs72693053,14,81413849,G,T,-10.8111,ENSG00000165409,TSHR,14,81516989,35,31048,0,3.8796e-19
3.5953e-27,rs17111237,14,81406341,G,A,-10.796,ENSG00000165409,TSHR,14,81516989,36,30279,0,4.5783e-19
3.6505e-27,rs72693043,14,81400093,C,T,-10.7944,ENSG00000165409,TSHR,14,81516989,36,30280,0,4.6486e-19
4.2234e-27,rs72693050,14,81409634,C,T,-10.7811,ENSG00000165409,TSHR,14,81516989,35,30163,0,5.3782e-19
5.7865e-27,rs72695026,14,81472030,T,C,-10.7521,ENSG00000165409,TSHR,14,81516989,37,31684,0,7.3686e-19
8.3796e-27,rs11159481,14,81490742,T,G,-10.718,ENSG00000165409,TSHR,14,81516989,33,29498,0,1.0671e-18
3.2113e-26,rs17111246,14,81406683,A,G,-10.5928,ENSG00000165409,TSHR,14,81516989,36,30280,0,4.0893e-18
6.1907e-26,rs17111256,14,81408671,A,G,-10.5313,ENSG00000165409,TSHR,14,81516989,35,30164,0,7.8833e-18
2.4586e-25,rs7144208,14,81413489,G,A,-10.4007,ENSG00000165409,TSHR,14,81516989,36,31556,0,3.1308e-17
2.4793e-25,rs179263,14,81442515,G,A,10.4001,ENSG00000165409,TSHR,14,81516989,35,30155,0,3.1572e-17
2.7248e-25,rs2215981,14,81444967,A,G,10.391,ENSG00000165409,TSHR,14,81516989,35,30162,0,3.4698e-17
2.92e-25,rs57104434,14,81409791,T,A,-10.3843,ENSG00000165409,TSHR,14,81516989,35,30160,0,3.7184e-17
4.5972e-25,rs2619676,14,81192479,G,A,-10.3408,ENSG00000165409,TSHR,14,81516989,37,31684,0,5.8542e-17
6.2193e-25,rs10143005,14,81200639,A,G,-10.3119,ENSG00000165409,TSHR,14,81516989,36,31558,0,7.9198e-17
8.7814e-25,rs12050151,14,81368817,C,T,-10.2787,ENSG00000165409,TSHR,14,81516989,36,30273,0,1.1182e-16
1.5805e-24,rs10145099,14,81456694,T,C,10.2222,ENSG00000165409,TSHR,14,81516989,37,31684,0,2.0126e-16
2.1573e-24,rs11846048,14,81180135,A,T,-10.1917,ENSG00000165409,TSHR,14,81516989,36,31566,0,2.7471e-16
2.6011e-24,rs3783948,14,81449363,A,G,10.1737,ENSG00000165409,TSHR,14,81516989,36,31567,0,3.3123e-16
3.1481e-24,rs72693028,14,81349897,T,G,-10.1549,ENSG00000165409,TSHR,14,81516989,35,30158,0,4.0088e-16
3.2133e-24,rs2284726,14,81454578,G,A,10.1531,ENSG00000165409,TSHR,14,81516989,36,31567,0,4.0919e-16
3.4593e-24,rs1449526,14,81186624,T,A,-10.1456,ENSG00000165409,TSHR,14,81516989,36,31567,0,4.4051e-16
3.7012e-24,rs1564940,14,81187092,T,C,-10.1391,ENSG00000165409,TSHR,14,81516989,36,31567,0,4.7132e-16
5.0293e-24,rs11159479,14,81460651,T,C,10.1093,ENSG00000165409,TSHR,14,81516989,36,31562,0,6.4044e-16
5.5017e-24,rs56389234,14,81461616,A,G,10.1004,ENSG00000165409,TSHR,14,81516989,36,31560,0,7.006e-16
7.243e-24,rs2059719,14,81390791,C,G,-10.0732,ENSG00000165409,TSHR,14,81516989,36,30280,0,9.2234e-16
8.6264e-24,rs1031299,14,81170137,G,A,-10.0561,ENSG00000165409,TSHR,14,81516989,36,30270,0,1.0985e-15
2.009e-23,rs6574617,14,81457615,A,G,9.9727,ENSG00000165409,TSHR,14,81516989,36,31561,0,2.5583e-15
2.0832e-23,rs2268459,14,81463041,G,A,9.9692,ENSG00000165409,TSHR,14,81516989,35,30154,0,2.6528e-15
2.341e-23,rs1035144,14,81445121,C,T,9.9575,ENSG00000165409,TSHR,14,81516989,36,30280,0,2.9811e-15
2.8391e-23,rs4411444,14,81445108,A,G,9.9382,ENSG00000165409,TSHR,14,81516989,36,30280,0,3.6154e-15
3.0579e-23,rs12323356,14,81464279,G,A,-9.9307,ENSG00000165409,TSHR,14,81516989,35,30164,0,3.894e-15
3.2345e-23,rs4903962,14,81464486,G,A,-9.925,ENSG00000165409,TSHR,14,81516989,35,30164,0,4.1189e-15
5.1138e-23,rs2284730,14,81464901,C,T,-9.8793,ENSG00000165409,TSHR,14,81516989,36,30280,0,6.512e-15
5.4076e-23,rs2619674,14,81180645,G,C,-9.8738,ENSG00000165409,TSHR,14,81516989,35,31058,0,6.8861e-15
7.7538e-23,rs3783950,14,81448282,C,G,9.8377,ENSG00000165409,TSHR,14,81516989,35,30165,0,9.8738e-15
9.3264e-23,rs2300516,14,81446908,A,G,9.819,ENSG00000165409,TSHR,14,81516989,35,30164,0,1.1876e-14
1.0994e-22,rs8003515,14,81446242,G,C,9.8025,ENSG00000165409,TSHR,14,81516989,35,30163,0,1.4e-14
1.5295e-22,rs2114702,14,81405135,A,T,-9.7689,ENSG00000165409,TSHR,14,81516989,34,30069,0,1.9477e-14
1.6037e-22,rs4523859,14,81259078,A,G,9.7644,ENSG00000165409,TSHR,14,81516989,36,30276,0,2.0422e-14
1.665e-22,rs759916,14,81373641,C,T,9.7605,ENSG00000165409,TSHR,14,81516989,36,30280,0,2.1202e-14
1.8447e-22,rs12431821,14,81272588,C,T,9.7501,ENSG00000165409,TSHR,14,81516989,36,30280,0,2.3491e-14
1.9226e-22,rs61979452,14,81276998,G,A,9.7459,ENSG00000165409,TSHR,14,81516989,36,30279,0,2.4483e-14
2.0801e-22,rs3783943,14,81471446,G,A,9.7378,ENSG00000165409,TSHR,14,81516989,35,30160,0,2.6488e-14
2.6333e-22,rs61979448,14,81269223,G,C,9.714,ENSG00000165409,TSHR,14,81516989,35,30163,0,3.3533e-14
2.7821e-22,rs12891585,14,81253002,A,G,9.7082,ENSG00000165409,TSHR,14,81516989,35,30164,0,3.5428e-14
2.9334e-22,rs11623023,14,81268801,C,T,9.703,ENSG00000165409,TSHR,14,81516989,35,30163,0,3.7354e-14
3.0867e-22,rs7153979,14,81378061,A,G,9.6977,ENSG00000165409,TSHR,14,81516989,35,30165,0,3.9307e-14
3.2672e-22,rs7154132,14,81378082,C,T,9.6919,ENSG00000165409,TSHR,14,81516989,35,30165,0,4.1605e-14
3.2736e-22,rs7154373,14,81378239,C,T,9.6917,ENSG00000165409,TSHR,14,81516989,35,30165,0,4.1687e-14
3.696e-22,rs61979449,14,81271236,G,A,9.6792,ENSG00000165409,TSHR,14,81516989,35,30165,0,4.7066e-14
3.7837e-22,rs12886388,14,81273539,C,T,9.6768,ENSG00000165409,TSHR,14,81516989,35,30165,0,4.8182e-14
3.8736e-22,rs10136404,14,81411299,G,A,9.6744,ENSG00000165409,TSHR,14,81516989,35,30162,0,4.9327e-14
4.1641e-22,rs12896436,14,81382533,G,A,-9.6668,ENSG00000165409,TSHR,14,81516989,36,31565,0,5.3026e-14
4.2379e-22,rs17111365,14,81468264,C,T,9.6653,ENSG00000165409,TSHR,14,81516989,36,30280,0,5.3966e-14
4.3895e-22,rs228125,14,81338068,A,G,9.6617,ENSG00000165409,TSHR,14,81516989,36,30280,0,5.5897e-14
4.5112e-22,rs2217174,14,81353875,A,G,9.6589,ENSG00000165409,TSHR,14,81516989,35,30161,0,5.7446e-14
4.5112e-22,rs61979451,14,81274895,T,G,9.6589,ENSG00000165409,TSHR,14,81516989,35,30164,0,5.7446e-14
5.273e-22,rs17111153,14,81298251,T,C,-9.6427,ENSG00000165409,TSHR,14,81516989,37,31680,0,6.7147e-14
5.9497e-22,rs8021137,14,81363034,C,T,9.6306,ENSG00000165409,TSHR,14,81516989,35,30164,0,7.5765e-14
6.2585e-22,rs112758920,14,81298446,C,G,-9.625,ENSG00000165409,TSHR,14,81516989,35,31056,0,7.9697e-14
6.4563e-22,rs12888082,14,81296781,T,C,9.6221,ENSG00000165409,TSHR,14,81516989,36,30280,0,8.2216e-14
6.6216e-22,rs1016507,14,81317589,A,G,9.6196,ENSG00000165409,TSHR,14,81516989,35,30165,0,8.4321e-14
6.6863e-22,rs1797670,14,81321791,A,G,9.6185,ENSG00000165409,TSHR,14,81516989,35,30165,0,8.5145e-14
6.7124e-22,rs8006864,14,81286306,C,T,9.6181,ENSG00000165409,TSHR,14,81516989,35,30164,0,8.5477e-14
7.0602e-22,rs2217176,14,81400050,C,G,9.613,ENSG00000165409,TSHR,14,81516989,35,30160,0,8.9906e-14
7.1848e-22,rs71416852,14,81285677,A,G,9.6111,ENSG00000165409,TSHR,14,81516989,35,30162,0,9.1493e-14
7.5863e-22,rs759917,14,81373831,G,A,9.6055,ENSG00000165409,TSHR,14,81516989,35,30159,0,9.6605e-14
7.5863e-22,rs72690941,14,81138764,C,A,-9.6054,ENSG00000165409,TSHR,14,81516989,36,31565,0,9.6605e-14
7.705e-22,rs72690943,14,81140347,G,A,-9.6037,ENSG00000165409,TSHR,14,81516989,36,31565,0,9.8117e-14
7.8866e-22,rs7143407,14,81315981,A,T,9.6015,ENSG00000165409,TSHR,14,81516989,34,30080,0,1.0043e-13
7.9326e-22,rs2556605,14,81343746,T,C,9.6009,ENSG00000165409,TSHR,14,81516989,35,30165,0,1.0102e-13
7.948e-22,rs228111,14,81323245,C,T,9.6006,ENSG00000165409,TSHR,14,81516989,35,30165,0,1.0121e-13
8.2305e-22,rs2044738,14,81288131,T,C,9.5971,ENSG00000165409,TSHR,14,81516989,35,30160,0,1.0481e-13
8.4571e-22,rs228118,14,81329981,T,G,9.5942,ENSG00000165409,TSHR,14,81516989,35,30164,0,1.0769e-13
8.5229e-22,rs12895801,14,81412117,C,G,9.5935,ENSG00000165409,TSHR,14,81516989,35,30159,0,1.0853e-13
8.6059e-22,rs2162547,14,81394526,T,C,-9.5923,ENSG00000165409,TSHR,14,81516989,36,31567,0,1.0959e-13
9.4084e-22,rs228120,14,81333763,C,G,9.5833,ENSG00000165409,TSHR,14,81516989,35,30165,0,1.1981e-13
9.4449e-22,rs17614081,14,81255394,G,A,9.583,ENSG00000165409,TSHR,14,81516989,35,30163,0,1.2027e-13
9.4632e-22,rs172920,14,81340676,T,C,9.5827,ENSG00000165409,TSHR,14,81516989,35,30165,0,1.2051e-13
9.7233e-22,rs228127,14,81339856,G,A,9.5798,ENSG00000165409,TSHR,14,81516989,35,30165,0,1.2382e-13
1.1373e-21,rs72690940,14,81138397,A,C,-9.5636,ENSG00000165409,TSHR,14,81516989,36,31566,0,1.4483e-13
1.1753e-21,rs12434564,14,81289897,G,C,9.5603,ENSG00000165409,TSHR,14,81516989,35,30165,0,1.4966e-13
1.1867e-21,rs17542615,14,81300687,C,T,9.5593,ENSG00000165409,TSHR,14,81516989,36,30280,0,1.5112e-13
1.2287e-21,rs1458993,14,81310876,C,G,9.5558,ENSG00000165409,TSHR,14,81516989,35,30164,0,1.5646e-13
1.2287e-21,rs113703611,14,81133909,T,G,-9.5554,ENSG00000165409,TSHR,14,81516989,36,31566,0,1.5646e-13
1.3402e-21,rs8003784,14,81298563,C,A,9.5468,ENSG00000165409,TSHR,14,81516989,35,30165,0,1.7066e-13
1.348e-21,rs72690935,14,81133350,T,C,-9.546,ENSG00000165409,TSHR,14,81516989,36,31565,0,1.7166e-13
1.3532e-21,rs35540104,14,81316825,G,A,9.5457,ENSG00000165409,TSHR,14,81516989,35,30164,0,1.7232e-13
1.5105e-21,rs72690939,14,81137109,T,C,-9.534,ENSG00000165409,TSHR,14,81516989,36,31566,0,1.9235e-13
1.5698e-21,rs2371416,14,81275672,T,A,9.5304,ENSG00000165409,TSHR,14,81516989,34,30075,0,1.999e-13
1.6378e-21,rs8006507,14,81295350,G,A,9.5259,ENSG00000165409,TSHR,14,81516989,35,30165,0,2.0856e-13
2.0198e-21,rs228121,14,81334187,C,T,9.5041,ENSG00000165409,TSHR,14,81516989,35,30165,0,2.572e-13
2.1273e-21,rs7148618,14,81301392,A,G,9.4986,ENSG00000165409,TSHR,14,81516989,35,30162,0,2.7089e-13
2.1644e-21,rs7141130,14,81282889,G,C,9.4968,ENSG00000165409,TSHR,14,81516989,35,30162,0,2.7562e-13
2.617e-21,rs12432357,14,81299468,G,A,9.4772,ENSG00000165409,TSHR,14,81516989,35,30160,0,3.3325e-13
3.0912e-21,rs1976104,14,81237260,C,T,-9.4595,ENSG00000165409,TSHR,14,81516989,36,31341,0,3.9364e-13
4.9237e-21,rs17111270,14,81413039,G,A,9.4108,ENSG00000165409,TSHR,14,81516989,35,30156,0,6.2699e-13
6.6728e-21,rs2371462,14,81420774,T,C,9.379,ENSG00000165409,TSHR,14,81516989,37,31684,0,8.4973e-13
1.6884e-20,rs8009120,14,81417218,A,C,9.2806,ENSG00000165409,TSHR,14,81516989,36,31567,0,2.15e-12
1.9655e-20,rs6574613,14,81408100,A,G,9.2642,ENSG00000165409,TSHR,14,81516989,36,31599,0,2.5029e-12
2.3834e-20,rs3783949,14,81448382,G,T,-9.2435,ENSG00000165409,TSHR,14,81516989,35,29896,0,3.0351e-12
2.4103e-20,rs3742722,14,81405846,C,A,9.2425,ENSG00000165409,TSHR,14,81516989,37,31682,0,3.0693e-12
2.612e-20,rs4903948,14,81392124,T,C,9.2339,ENSG00000165409,TSHR,14,81516989,36,31569,0,3.3262e-12
2.6463e-20,rs11627019,14,81410932,T,C,9.2325,ENSG00000165409,TSHR,14,81516989,34,30902,0,3.3698e-12
3.0667e-20,rs1025253,14,81389266,G,A,9.2167,ENSG00000165409,TSHR,14,81516989,37,31684,0,3.9052e-12
3.5332e-20,rs728444,14,81402760,C,G,9.2015,ENSG00000165409,TSHR,14,81516989,36,31566,0,4.4992e-12
3.6332e-20,rs4899782,14,81410002,T,G,9.1985,ENSG00000165409,TSHR,14,81516989,36,31566,0,4.6266e-12
3.7499e-20,rs8005883,14,81395771,G,A,9.1952,ENSG00000165409,TSHR,14,81516989,36,31569,0,4.7752e-12
3.9066e-20,rs2114703,14,81407169,T,C,9.1908,ENSG00000165409,TSHR,14,81516989,37,31683,0,4.9747e-12
4.335e-20,rs8022411,14,81391185,G,T,9.1796,ENSG00000165409,TSHR,14,81516989,36,31569,0,5.5203e-12
4.5833e-20,rs2371457,14,81393703,A,G,9.1734,ENSG00000165409,TSHR,14,81516989,36,31569,0,5.8365e-12
5.8105e-20,rs2556601,14,81341443,G,C,9.1478,ENSG00000165409,TSHR,14,81516989,36,31569,0,7.3992e-12
5.93e-20,rs3742721,14,81407921,G,A,9.1457,ENSG00000165409,TSHR,14,81516989,37,31682,0,7.5514e-12
6.2916e-20,rs67065081,14,81410660,C,T,9.1393,ENSG00000165409,TSHR,14,81516989,36,31566,0,8.0118e-12
8.1176e-20,rs2162548,14,81407456,C,T,9.1117,ENSG00000165409,TSHR,14,81516989,36,31568,0,1.0337e-11
1.0351e-19,rs4899783,14,81410262,T,C,9.0854,ENSG00000165409,TSHR,14,81516989,36,31566,0,1.3181e-11
1.1326e-19,rs228110,14,81323012,C,T,9.0755,ENSG00000165409,TSHR,14,81516989,34,29657,0,1.4423e-11
1.1389e-19,rs2888046,14,81407048,G,A,9.0749,ENSG00000165409,TSHR,14,81516989,36,31568,0,1.4503e-11
1.1494e-19,rs11623416,14,81411347,G,C,9.0739,ENSG00000165409,TSHR,14,81516989,36,31566,0,1.4637e-11
1.1793e-19,rs4903954,14,81405614,C,T,9.0712,ENSG00000165409,TSHR,14,81516989,36,31568,0,1.5017e-11
1.2738e-19,rs8009260,14,81408591,G,T,9.0627,ENSG00000165409,TSHR,14,81516989,36,31564,0,1.6221e-11
1.5271e-19,rs7143744,14,81404742,C,G,9.0428,ENSG00000165409,TSHR,14,81516989,36,31567,0,1.9446e-11
1.6581e-19,rs12892825,14,81406730,C,G,9.0339,ENSG00000165409,TSHR,14,81516989,36,31564,0,2.1115e-11
4.2065e-19,rs8007834,14,81276643,A,G,-8.9314,ENSG00000165409,TSHR,14,81516989,33,30638,0,5.3566e-11
4.8958e-19,rs12896065,14,81250319,C,T,8.9147,ENSG00000165409,TSHR,14,81516989,35,30157,0,6.2344e-11
5.2243e-19,rs35472552,14,81468250,G,A,-8.9074,ENSG00000165409,TSHR,14,81516989,36,31565,0,6.6527e-11
5.7687e-19,rs12880014,14,81249956,A,C,8.8965,ENSG00000165409,TSHR,14,81516989,35,30158,0,7.346e-11
7.7471e-19,rs2596118,14,81243905,C,A,8.8637,ENSG00000165409,TSHR,14,81516989,35,30164,0,9.8653e-11
8.5045e-19,rs17613911,14,81246919,A,G,8.8533,ENSG00000165409,TSHR,14,81516989,35,30158,0,1.083e-10
8.6428e-19,rs2371463,14,81457788,A,G,-8.8513,ENSG00000165409,TSHR,14,81516989,37,31684,0,1.1006e-10
8.6894e-19,rs1992973,14,81242259,C,T,8.8509,ENSG00000165409,TSHR,14,81516989,35,30164,0,1.1065e-10
9.8852e-19,rs2044737,14,81288096,C,T,8.8365,ENSG00000165409,TSHR,14,81516989,35,30163,0,1.2588e-10
1.1364e-18,rs7148368,14,81287105,T,A,8.8208,ENSG00000165409,TSHR,14,81516989,35,30163,0,1.4471e-10
1.3779e-18,rs7150858,14,81280425,C,T,8.7993,ENSG00000165409,TSHR,14,81516989,36,30275,0,1.7546e-10
1.4718e-18,rs2110697,14,81498066,C,T,-8.7916,ENSG00000165409,TSHR,14,81516989,35,29896,0,1.8742e-10
1.5692e-18,rs724170,14,81457940,A,G,-8.7846,ENSG00000165409,TSHR,14,81516989,36,31569,0,1.9982e-10
6.0818e-18,rs17542712,14,81306335,A,G,8.6312,ENSG00000165409,TSHR,14,81516989,36,30280,0,7.7447e-10
6.9092e-18,rs17615020,14,81378754,C,T,8.6165,ENSG00000165409,TSHR,14,81516989,36,30280,0,8.7983e-10
8.3993e-18,rs2010847,14,81376921,G,A,8.5941,ENSG00000165409,TSHR,14,81516989,35,30165,0,1.0696e-09
8.6516e-18,rs72690969,14,81197747,C,T,-8.5905,ENSG00000165409,TSHR,14,81516989,36,30280,0,1.1017e-09
1.0403e-17,rs72690955,14,81160405,G,A,-8.5693,ENSG00000165409,TSHR,14,81516989,36,30280,0,1.3247e-09
1.1073e-17,rs7142753,14,81307218,G,T,8.5624,ENSG00000165409,TSHR,14,81516989,35,30164,0,1.4101e-09
1.1625e-17,rs1960882,14,81170988,T,C,-8.5565,ENSG00000165409,TSHR,14,81516989,35,30159,0,1.4803e-09
1.2097e-17,rs4903947,14,81383901,A,G,8.5522,ENSG00000165409,TSHR,14,81516989,35,30161,0,1.5405e-09
1.4186e-17,rs12878945,14,81298674,T,A,8.5336,ENSG00000165409,TSHR,14,81516989,35,30165,0,1.8065e-09
1.489e-17,rs113137098,14,81474619,A,C,-8.5279,ENSG00000165409,TSHR,14,81516989,34,30902,0,1.8961e-09
1.59e-17,rs6574610,14,81380130,A,G,8.5205,ENSG00000165409,TSHR,14,81516989,35,30161,0,2.0247e-09
2.0381e-17,rs722906,14,81376855,G,A,8.4917,ENSG00000165409,TSHR,14,81516989,35,30162,0,2.5954e-09
2.6148e-17,rs4903949,14,81392513,A,G,8.4627,ENSG00000165409,TSHR,14,81516989,35,30164,0,3.3297e-09
2.8149e-17,rs7141434,14,81233560,A,G,8.454,ENSG00000165409,TSHR,14,81516989,36,31568,0,3.5845e-09
3.2337e-17,rs6574608,14,81374822,A,C,-8.4378,ENSG00000165409,TSHR,14,81516989,36,30278,0,4.1179e-09
3.6509e-17,rs8022600,14,81421423,T,G,-8.4234,ENSG00000165409,TSHR,14,81516989,34,30068,0,4.6491e-09
4.1211e-17,rs28448639,14,81500397,G,A,-8.4092,ENSG00000165409,TSHR,14,81516989,35,30180,0,5.2479e-09
4.8039e-17,rs759918,14,81390128,T,C,-8.3912,ENSG00000165409,TSHR,14,81516989,35,30163,0,6.1174e-09
5.2569e-17,rs2268451,14,81424118,G,T,-8.3807,ENSG00000165409,TSHR,14,81516989,35,30163,0,6.6942e-09
5.3561e-17,rs11625199,14,81372745,G,A,8.3786,ENSG00000165409,TSHR,14,81516989,36,31569,0,6.8206e-09
5.7034e-17,rs17545310,14,81471139,C,A,-8.3711,ENSG00000165409,TSHR,14,81516989,37,31679,0,7.2628e-09
5.8903e-17,rs4016442,14,81373937,G,A,8.3675,ENSG00000165409,TSHR,14,81516989,36,31561,0,7.5008e-09
6.1559e-17,rs2371413,14,81231496,C,G,8.3622,ENSG00000165409,TSHR,14,81516989,36,31568,0,7.839e-09
6.9664e-17,rs7145224,14,81413293,C,T,-8.3475,ENSG00000165409,TSHR,14,81516989,35,30160,0,8.8711e-09
7.0137e-17,rs8016507,14,81371088,A,G,8.3469,ENSG00000165409,TSHR,14,81516989,37,31681,0,8.9314e-09
7.4668e-17,rs2556611,14,81346166,A,G,-8.3393,ENSG00000165409,TSHR,14,81516989,37,31680,0,9.5084e-09
8.2637e-17,rs4903955,14,81419789,T,C,-8.3274,ENSG00000165409,TSHR,14,81516989,35,30162,0,1.0523e-08
8.362e-17,rs2888032,14,81369511,C,T,-8.3258,ENSG00000165409,TSHR,14,81516989,37,31684,0,1.0648e-08
8.841e-17,rs4903945,14,81356860,T,C,8.3195,ENSG00000165409,TSHR,14,81516989,36,31556,0,1.1258e-08
8.9008e-17,rs2371420,14,81351474,G,C,-8.3186,ENSG00000165409,TSHR,14,81516989,36,31561,0,1.1334e-08
9.1907e-17,rs17111394,14,81523128,C,T,-8.3148,ENSG00000165409,TSHR,14,81516989,36,31296,0,1.1704e-08
9.2685e-17,rs28675993,14,81523742,G,T,-8.3136,ENSG00000165409,TSHR,14,81516989,35,30159,0,1.1803e-08
9.3786e-17,rs61978747,14,81523051,A,G,-8.3123,ENSG00000165409,TSHR,14,81516989,37,31683,0,1.1943e-08
9.6187e-17,rs2590480,14,81224326,C,T,8.3095,ENSG00000165409,TSHR,14,81516989,37,31684,0,1.2249e-08
9.9316e-17,rs4903946,14,81360078,T,A,-8.3055,ENSG00000165409,TSHR,14,81516989,36,31569,0,1.2647e-08
9.9484e-17,rs10141970,14,81360750,T,C,-8.3053,ENSG00000165409,TSHR,14,81516989,36,31569,0,1.2668e-08
1.0429e-16,rs58699962,14,81361546,C,G,-8.2997,ENSG00000165409,TSHR,14,81516989,36,31569,0,1.328e-08
1.0499e-16,rs2288347,14,81360958,T,C,-8.2988,ENSG00000165409,TSHR,14,81516989,37,31684,0,1.337e-08
1.0624e-16,rs6574605,14,81214586,A,G,8.2978,ENSG00000165409,TSHR,14,81516989,37,31684,0,1.3529e-08
1.0804e-16,rs12323422,14,81504973,T,A,-8.2955,ENSG00000165409,TSHR,14,81516989,34,30079,0,1.3758e-08
1.108e-16,rs12896769,14,81467052,G,A,-8.2925,ENSG00000165409,TSHR,14,81516989,36,31568,0,1.4109e-08
1.1192e-16,rs2268473,14,81500396,G,T,-8.2913,ENSG00000165409,TSHR,14,81516989,34,30065,0,1.4252e-08
1.144e-16,rs1863766,14,81345416,T,G,-8.2887,ENSG00000165409,TSHR,14,81516989,37,31683,0,1.4568e-08
1.1732e-16,rs10137041,14,81348425,T,C,-8.2857,ENSG00000165409,TSHR,14,81516989,36,31569,0,1.494e-08
1.2932e-16,rs8012343,14,81413969,A,G,-8.2741,ENSG00000165409,TSHR,14,81516989,35,30160,0,1.6468e-08
1.2997e-16,rs4899781,14,81403850,T,C,-8.2734,ENSG00000165409,TSHR,14,81516989,35,30162,0,1.6551e-08
1.3554e-16,rs327464,14,81252235,G,C,-8.2686,ENSG00000165409,TSHR,14,81516989,35,30162,0,1.726e-08
1.36e-16,rs10150381,14,81521033,A,G,-8.2681,ENSG00000165409,TSHR,14,81516989,35,30163,0,1.7318e-08
1.3668e-16,rs12437260,14,81363624,G,A,-8.2676,ENSG00000165409,TSHR,14,81516989,36,31563,0,1.7405e-08
1.3737e-16,rs34848301,14,81212630,C,T,8.2671,ENSG00000165409,TSHR,14,81516989,36,31568,0,1.7493e-08
1.4182e-16,rs10131847,14,81517478,T,C,-8.2631,ENSG00000165409,TSHR,14,81516989,35,30162,0,1.806e-08
1.4301e-16,rs10144692,14,81359345,C,T,-8.262,ENSG00000165409,TSHR,14,81516989,36,31569,0,1.8211e-08
1.4349e-16,rs2556612,14,81347154,C,T,-8.2616,ENSG00000165409,TSHR,14,81516989,35,31472,0,1.8272e-08
1.4739e-16,rs10142753,14,81376490,C,T,-8.2585,ENSG00000165409,TSHR,14,81516989,36,31567,0,1.8769e-08
1.4789e-16,rs7493314,14,81370289,A,C,-8.2581,ENSG00000165409,TSHR,14,81516989,35,31068,0,1.8833e-08
1.5038e-16,rs4619328,14,81519920,A,T,-8.256,ENSG00000165409,TSHR,14,81516989,35,30162,0,1.915e-08
1.5267e-16,rs72689928,14,81518033,C,T,-8.2542,ENSG00000165409,TSHR,14,81516989,35,30162,0,1.9441e-08
1.5629e-16,rs28750397,14,81521399,C,G,-8.2516,ENSG00000165409,TSHR,14,81516989,35,30163,0,1.9902e-08
1.5734e-16,rs7154269,14,81420307,G,A,-8.2507,ENSG00000165409,TSHR,14,81516989,35,30161,0,2.0036e-08
1.6269e-16,rs115024654,14,81355225,T,C,-8.2468,ENSG00000165409,TSHR,14,81516989,36,31569,0,2.0717e-08
1.6406e-16,rs28855991,14,81520562,C,T,-8.2458,ENSG00000165409,TSHR,14,81516989,35,30163,0,2.0892e-08
1.6795e-16,rs2024422,14,81516937,T,A,-8.2429,ENSG00000165409,TSHR,14,81516989,35,30162,0,2.1387e-08
1.6964e-16,rs2556606,14,81343766,G,A,-8.2417,ENSG00000165409,TSHR,14,81516989,36,31569,0,2.1602e-08
1.7021e-16,rs929630,14,81467458,T,C,-8.2414,ENSG00000165409,TSHR,14,81516989,36,31568,0,2.1675e-08
1.7836e-16,rs12184963,14,81505737,T,C,-8.2358,ENSG00000165409,TSHR,14,81516989,35,30160,0,2.2713e-08
1.7896e-16,rs1863764,14,81345222,C,T,-8.2353,ENSG00000165409,TSHR,14,81516989,36,31569,0,2.2789e-08
1.7926e-16,rs726627,14,81500884,T,G,-8.235,ENSG00000165409,TSHR,14,81516989,36,30280,0,2.2827e-08
1.8016e-16,rs8005809,14,81207127,G,A,8.2346,ENSG00000165409,TSHR,14,81516989,37,31684,0,2.2942e-08
1.8137e-16,rs8017949,14,81362679,C,T,-8.2336,ENSG00000165409,TSHR,14,81516989,36,31569,0,2.3096e-08
1.8381e-16,rs72690965,14,81187648,C,T,-8.232,ENSG00000165409,TSHR,14,81516989,35,30162,0,2.3407e-08
1.8815e-16,rs2556603,14,81341756,A,C,-8.2292,ENSG00000165409,TSHR,14,81516989,36,31569,0,2.3959e-08
1.9357e-16,rs2556610,14,81345843,C,T,-8.2259,ENSG00000165409,TSHR,14,81516989,36,31569,0,2.465e-08
1.9389e-16,rs170596,14,81340868,C,T,-8.2256,ENSG00000165409,TSHR,14,81516989,36,31569,0,2.469e-08
2.0249e-16,rs13353125,14,81504423,C,T,-8.2204,ENSG00000165409,TSHR,14,81516989,36,30280,0,2.5785e-08
2.0555e-16,rs2556608,14,81344780,G,A,-8.2186,ENSG00000165409,TSHR,14,81516989,36,31569,0,2.6175e-08
2.1537e-16,rs17111396,14,81524054,A,T,-8.213,ENSG00000165409,TSHR,14,81516989,35,30161,0,2.7426e-08
2.1645e-16,rs8017943,14,81223808,T,C,8.2127,ENSG00000165409,TSHR,14,81516989,36,31569,0,2.7563e-08
2.1681e-16,rs12323893,14,81503653,A,G,-8.2123,ENSG00000165409,TSHR,14,81516989,35,30165,0,2.7609e-08
2.4119e-16,rs228128,14,81340518,A,G,-8.1994,ENSG00000165409,TSHR,14,81516989,36,31569,0,3.0714e-08
2.4769e-16,rs2217177,14,81415154,C,T,-8.1962,ENSG00000165409,TSHR,14,81516989,37,31684,0,3.1541e-08
2.5692e-16,rs7145233,14,81225175,G,A,8.1921,ENSG00000165409,TSHR,14,81516989,36,31569,0,3.2717e-08
2.582e-16,rs2024424,14,81520379,C,G,-8.1913,ENSG00000165409,TSHR,14,81516989,35,30163,0,3.288e-08
2.5863e-16,rs12184961,14,81505551,G,A,-8.1911,ENSG00000165409,TSHR,14,81516989,35,30165,0,3.2934e-08
2.6516e-16,rs2268468,14,81492615,G,A,-8.1882,ENSG00000165409,TSHR,14,81516989,36,31355,0,3.3766e-08
2.6693e-16,rs55947533,14,81518826,T,C,-8.1873,ENSG00000165409,TSHR,14,81516989,36,31566,0,3.3991e-08
2.696e-16,rs8023233,14,81224605,G,C,8.1863,ENSG00000165409,TSHR,14,81516989,36,31569,0,3.4331e-08
2.7549e-16,rs1863765,14,81345224,A,G,-8.1835,ENSG00000165409,TSHR,14,81516989,36,31562,0,3.5081e-08
2.7778e-16,rs1597320,14,81211175,G,C,8.1827,ENSG00000165409,TSHR,14,81516989,36,31569,0,3.5373e-08
2.7871e-16,rs12050342,14,81368864,T,C,-8.1822,ENSG00000165409,TSHR,14,81516989,36,31566,0,3.5491e-08
2.8103e-16,rs13353104,14,81504551,T,A,-8.1812,ENSG00000165409,TSHR,14,81516989,35,30165,0,3.5787e-08
2.815e-16,rs228126,14,81338612,A,G,-8.1809,ENSG00000165409,TSHR,14,81516989,36,31569,0,3.5847e-08
2.8479e-16,rs112548722,14,81510856,G,T,-8.1795,ENSG00000165409,TSHR,14,81516989,35,30163,0,3.6266e-08
2.8573e-16,rs12880075,14,81291352,C,T,8.1793,ENSG00000165409,TSHR,14,81516989,36,31569,0,3.6385e-08
2.9342e-16,rs61978743,14,81505391,A,G,-8.1759,ENSG00000165409,TSHR,14,81516989,35,30165,0,3.7365e-08
2.9982e-16,rs61978745,14,81515284,A,G,-8.1733,ENSG00000165409,TSHR,14,81516989,36,31567,0,3.818e-08
3.0032e-16,rs2215982,14,81522110,T,C,-8.1731,ENSG00000165409,TSHR,14,81516989,36,31566,0,3.8243e-08
3.0081e-16,rs12323350,14,81504932,A,C,-8.1729,ENSG00000165409,TSHR,14,81516989,35,30164,0,3.8306e-08
3.0131e-16,rs61978742,14,81505367,A,G,-8.1726,ENSG00000165409,TSHR,14,81516989,35,30165,0,3.8369e-08
3.0433e-16,rs11159484,14,81503553,T,C,-8.1716,ENSG00000165409,TSHR,14,81516989,35,30165,0,3.8754e-08
3.0788e-16,rs4903943,14,81351807,C,T,-8.1701,ENSG00000165409,TSHR,14,81516989,36,31556,0,3.9206e-08
3.0941e-16,rs2371467,14,81521432,T,C,-8.1694,ENSG00000165409,TSHR,14,81516989,36,31566,0,3.9401e-08
3.1406e-16,rs228122,14,81334506,G,A,-8.1677,ENSG00000165409,TSHR,14,81516989,36,31569,0,3.9993e-08
3.2037e-16,rs78556377,14,81299375,C,T,-8.1653,ENSG00000165409,TSHR,14,81516989,34,25089,0,4.0796e-08
3.2572e-16,rs726625,14,81501149,T,C,-8.1633,ENSG00000165409,TSHR,14,81516989,35,30165,0,4.1478e-08
3.3392e-16,rs28478356,14,81500378,T,G,-8.1604,ENSG00000165409,TSHR,14,81516989,35,30165,0,4.2522e-08
3.3502e-16,rs726626,14,81501114,T,C,-8.1598,ENSG00000165409,TSHR,14,81516989,35,30165,0,4.2662e-08
3.3837e-16,rs10149689,14,81415800,G,A,-8.1588,ENSG00000165409,TSHR,14,81516989,37,31684,0,4.3089e-08
3.3949e-16,rs12323355,14,81504860,A,G,-8.1582,ENSG00000165409,TSHR,14,81516989,35,30164,0,4.3231e-08
3.3949e-16,rs12100732,14,81506485,C,G,-8.1582,ENSG00000165409,TSHR,14,81516989,36,31567,0,4.3231e-08
3.5501e-16,rs13353103,14,81504375,T,C,-8.1529,ENSG00000165409,TSHR,14,81516989,35,30160,0,4.5208e-08
3.5974e-16,rs28416942,14,81500309,T,C,-8.1514,ENSG00000165409,TSHR,14,81516989,35,30165,0,4.581e-08
3.7616e-16,rs327477,14,81240116,G,A,-8.1459,ENSG00000165409,TSHR,14,81516989,35,30165,0,4.7901e-08
3.8306e-16,rs10873333,14,81500813,C,G,-8.1437,ENSG00000165409,TSHR,14,81516989,35,30165,0,4.878e-08
3.9856e-16,rs2268472,14,81500146,C,A,-8.139,ENSG00000165409,TSHR,14,81516989,35,30165,0,5.0753e-08
3.9921e-16,rs11159483,14,81501311,T,C,-8.1387,ENSG00000165409,TSHR,14,81516989,35,30165,0,5.0836e-08
3.9921e-16,rs12323799,14,81502527,T,C,-8.1387,ENSG00000165409,TSHR,14,81516989,35,30165,0,5.0836e-08
3.9921e-16,rs61978725,14,81501722,G,T,-8.1387,ENSG00000165409,TSHR,14,81516989,35,30165,0,5.0836e-08
4.0855e-16,rs726628,14,81501199,A,G,-8.1359,ENSG00000165409,TSHR,14,81516989,35,30159,0,5.2025e-08
4.0923e-16,rs12323785,14,81502070,G,C,-8.1357,ENSG00000165409,TSHR,14,81516989,35,30165,0,5.2112e-08
4.0923e-16,rs12323481,14,81502046,C,T,-8.1357,ENSG00000165409,TSHR,14,81516989,35,30165,0,5.2112e-08
4.133e-16,rs12323790,14,81502277,T,C,-8.1345,ENSG00000165409,TSHR,14,81516989,35,30165,0,5.263e-08
4.2226e-16,rs12323491,14,81502677,C,T,-8.1319,ENSG00000165409,TSHR,14,81516989,35,30165,0,5.3771e-08
4.3213e-16,rs72690950,14,81150059,T,C,-8.129,ENSG00000165409,TSHR,14,81516989,35,30163,0,5.5028e-08
4.533e-16,rs6574611,14,81404019,A,G,-8.1232,ENSG00000165409,TSHR,14,81516989,34,30075,0,5.7724e-08
4.616e-16,rs327465,14,81230040,C,T,-8.1211,ENSG00000165409,TSHR,14,81516989,35,30165,0,5.8781e-08
5.24e-16,rs12050278,14,81416038,C,T,-8.1056,ENSG00000165409,TSHR,14,81516989,36,31569,0,6.6727e-08
5.3094e-16,rs12323693,14,81504957,G,T,-8.1042,ENSG00000165409,TSHR,14,81516989,34,30080,0,6.7611e-08
5.3532e-16,rs17544072,14,81414285,C,T,-8.103,ENSG00000165409,TSHR,14,81516989,36,31569,0,6.8169e-08
5.5413e-16,rs10135774,14,81414913,C,T,-8.0988,ENSG00000165409,TSHR,14,81516989,36,31569,0,7.0564e-08
5.5504e-16,rs12050077,14,81416064,A,G,-8.0987,ENSG00000165409,TSHR,14,81516989,36,31569,0,7.068e-08
5.5687e-16,rs10146516,14,81414747,A,G,-8.0983,ENSG00000165409,TSHR,14,81516989,36,31569,0,7.0913e-08
5.6517e-16,rs10146348,14,81414819,G,A,-8.0965,ENSG00000165409,TSHR,14,81516989,36,31569,0,7.197e-08
5.7453e-16,rs17626988,14,81415002,A,G,-8.0945,ENSG00000165409,TSHR,14,81516989,35,31484,0,7.3162e-08
5.8213e-16,rs327425,14,81266621,G,A,-8.0929,ENSG00000165409,TSHR,14,81516989,36,31569,0,7.4129e-08
6.3193e-16,rs72690946,14,81147181,C,T,-8.0829,ENSG00000165409,TSHR,14,81516989,36,30278,0,8.0471e-08
6.4661e-16,rs2217178,14,81415557,T,C,-8.0801,ENSG00000165409,TSHR,14,81516989,36,31569,0,8.234e-08
6.573e-16,rs2195103,14,81415462,C,T,-8.078,ENSG00000165409,TSHR,14,81516989,36,31569,0,8.3702e-08
6.8255e-16,rs2268474,14,81524407,C,T,-8.0736,ENSG00000165409,TSHR,14,81516989,36,30280,0,8.6917e-08
6.9156e-16,rs2114705,14,81415926,A,C,-8.0719,ENSG00000165409,TSHR,14,81516989,36,31569,0,8.8064e-08
7.3116e-16,rs7157845,14,81375305,C,G,8.0654,ENSG00000165409,TSHR,14,81516989,36,31560,0,9.3107e-08
7.5921e-16,rs72690962,14,81186929,T,C,-8.0604,ENSG00000165409,TSHR,14,81516989,35,30159,0,9.6679e-08
8.1053e-16,rs17615941,14,81414408,G,A,-8.0525,ENSG00000165409,TSHR,14,81516989,36,31567,0,1.0321e-07
9.3426e-16,rs17615911,14,81414351,T,C,-8.035,ENSG00000165409,TSHR,14,81516989,36,31567,0,1.1897e-07
1.4375e-15,rs17111398,14,81524255,C,T,-7.9821,ENSG00000165409,TSHR,14,81516989,35,30164,0,1.8305e-07
2.3297e-15,rs10147243,14,81511178,A,T,-7.9224,ENSG00000165409,TSHR,14,81516989,35,29893,0,2.9667e-07
2.3372e-15,rs8022788,14,81289436,G,A,7.922,ENSG00000165409,TSHR,14,81516989,35,30163,0,2.9762e-07
2.4925e-15,rs12323621,14,81500598,T,G,-7.9139,ENSG00000165409,TSHR,14,81516989,34,25090,0,3.174e-07
2.5288e-15,rs10150860,14,81521552,C,G,-7.9122,ENSG00000165409,TSHR,14,81516989,34,29655,0,3.2202e-07
2.9172e-15,rs61981273,14,81427579,T,C,7.8945,ENSG00000165409,TSHR,14,81516989,33,29498,0,3.7148e-07
3.2581e-15,rs10134487,14,81523886,C,A,-7.8804,ENSG00000165409,TSHR,14,81516989,35,29892,0,4.1489e-07
3.9032e-15,rs327439,14,81211589,C,T,-7.8579,ENSG00000165409,TSHR,14,81516989,36,31568,0,4.9704e-07
4.3089e-15,rs61978744,14,81511484,C,T,-7.8455,ENSG00000165409,TSHR,14,81516989,36,31568,0,5.487e-07
4.3642e-15,rs12185035,14,81505679,C,T,-7.8439,ENSG00000165409,TSHR,14,81516989,34,29657,0,5.5575e-07
4.4272e-15,rs2268469,14,81498779,T,G,-7.8422,ENSG00000165409,TSHR,14,81516989,36,31568,0,5.6377e-07
4.8017e-15,rs2300526,14,81497467,G,C,-7.8319,ENSG00000165409,TSHR,14,81516989,36,31568,0,6.1146e-07
4.817e-15,rs59741121,14,81502778,C,T,-7.8316,ENSG00000165409,TSHR,14,81516989,36,31568,0,6.1341e-07
5.4789e-15,rs2246617,14,81225843,A,G,7.8155,ENSG00000165409,TSHR,14,81516989,34,30976,0,6.9769e-07
5.4876e-15,rs2556604,14,81343371,A,G,-7.8151,ENSG00000165409,TSHR,14,81516989,35,30153,0,6.988e-07
5.5931e-15,rs28850656,14,81350606,A,G,-7.8127,ENSG00000165409,TSHR,14,81516989,36,30280,0,7.1224e-07
6.2499e-15,rs328239,14,81207288,G,T,-7.7988,ENSG00000165409,TSHR,14,81516989,37,31682,0,7.9587e-07
6.2796e-15,rs2300525,14,81497393,C,T,-7.7981,ENSG00000165409,TSHR,14,81516989,37,31684,0,7.9966e-07
6.4103e-15,rs4903944,14,81356766,C,T,-7.7955,ENSG00000165409,TSHR,14,81516989,35,30165,0,8.163e-07
6.9273e-15,rs11627934,14,81362436,T,C,-7.7856,ENSG00000165409,TSHR,14,81516989,36,30280,0,8.8213e-07
7.2754e-15,rs10143800,14,81496342,G,A,-7.7795,ENSG00000165409,TSHR,14,81516989,36,31568,0,9.2646e-07
7.6649e-15,rs7158224,14,81519207,C,T,-7.7729,ENSG00000165409,TSHR,14,81516989,34,29778,0,9.7606e-07
7.9233e-15,rs7147306,14,81380066,T,G,-7.7687,ENSG00000165409,TSHR,14,81516989,35,30161,0,1.009e-06
9.1028e-15,rs2371421,14,81369844,C,G,-7.7511,ENSG00000165409,TSHR,14,81516989,35,30161,0,1.1592e-06
1.0259e-14,rs6574609,14,81377553,G,A,-7.7359,ENSG00000165409,TSHR,14,81516989,35,30162,0,1.3064e-06
1.0637e-14,rs4899779,14,81359954,C,T,-7.7312,ENSG00000165409,TSHR,14,81516989,35,30165,0,1.3545e-06
1.1434e-14,rs7140452,14,81379868,C,G,-7.7221,ENSG00000165409,TSHR,14,81516989,35,30162,0,1.456e-06
1.2193e-14,rs6574606,14,81349078,A,C,-7.7139,ENSG00000165409,TSHR,14,81516989,35,30165,0,1.5527e-06
1.2881e-14,rs10138781,14,81519862,T,C,-7.7069,ENSG00000165409,TSHR,14,81516989,34,29778,0,1.6403e-06
1.3501e-14,rs144833353,14,81354317,T,C,-7.7009,ENSG00000165409,TSHR,14,81516989,35,30165,0,1.7192e-06
1.3543e-14,rs2110696,14,81443368,C,T,-7.7005,ENSG00000165409,TSHR,14,81516989,35,30165,0,1.7246e-06
1.3778e-14,rs2284722,14,81444367,A,G,-7.6984,ENSG00000165409,TSHR,14,81516989,36,30280,0,1.7545e-06
1.3865e-14,rs162174,14,81294256,C,T,-7.6976,ENSG00000165409,TSHR,14,81516989,36,30279,0,1.7656e-06
1.393e-14,rs8008366,14,81295583,T,A,-7.697,ENSG00000165409,TSHR,14,81516989,35,30163,0,1.7739e-06
1.4083e-14,rs768359,14,81337418,A,G,-7.6955,ENSG00000165409,TSHR,14,81516989,36,30277,0,1.7934e-06
1.4261e-14,rs74629813,14,81369998,A,G,-7.6938,ENSG00000165409,TSHR,14,81516989,32,25395,0,1.816e-06
1.4305e-14,rs7156572,14,81297385,G,A,-7.6935,ENSG00000165409,TSHR,14,81516989,36,30279,0,1.8216e-06
1.435e-14,rs2556607,14,81344194,C,G,-7.693,ENSG00000165409,TSHR,14,81516989,35,30165,0,1.8274e-06
1.5541e-14,rs7158936,14,81315792,A,G,-7.6828,ENSG00000165409,TSHR,14,81516989,36,30279,0,1.979e-06
1.6084e-14,rs2192727,14,81499155,A,G,-7.6786,ENSG00000165409,TSHR,14,81516989,37,31684,0,2.0482e-06
1.6645e-14,rs228119,14,81331639,C,T,-7.674,ENSG00000165409,TSHR,14,81516989,35,30159,0,2.1196e-06
1.6933e-14,rs327454,14,81286983,G,C,-7.672,ENSG00000165409,TSHR,14,81516989,35,30163,0,2.1563e-06
1.696e-14,rs12050416,14,81385568,T,A,-7.6717,ENSG00000165409,TSHR,14,81516989,35,30161,0,2.1597e-06
1.7607e-14,rs327460,14,81247715,T,C,-7.6668,ENSG00000165409,TSHR,14,81516989,35,30156,0,2.2421e-06
1.7855e-14,rs4903957,14,81448511,A,G,-7.665,ENSG00000165409,TSHR,14,81516989,35,30164,0,2.2737e-06
1.8856e-14,rs1197474,14,81300819,A,G,-7.6581,ENSG00000165409,TSHR,14,81516989,35,30164,0,2.4012e-06
1.9391e-14,rs170595,14,81322965,T,C,-7.6546,ENSG00000165409,TSHR,14,81516989,35,30164,0,2.4693e-06
1.9726e-14,rs9323694,14,81288989,G,C,-7.6523,ENSG00000165409,TSHR,14,81516989,35,30163,0,2.5119e-06
2.0036e-14,rs7156306,14,81357596,A,C,-7.6503,ENSG00000165409,TSHR,14,81516989,35,30165,0,2.5514e-06
2.0604e-14,rs2556615,14,81347465,C,T,-7.6468,ENSG00000165409,TSHR,14,81516989,34,30080,0,2.6238e-06
2.0733e-14,rs4903958,14,81448602,A,G,-7.646,ENSG00000165409,TSHR,14,81516989,35,30164,0,2.6402e-06
2.0895e-14,rs3783951,14,81448096,A,G,-7.6448,ENSG00000165409,TSHR,14,81516989,35,30164,0,2.6608e-06
2.1058e-14,rs228124,14,81336886,T,C,-7.6439,ENSG00000165409,TSHR,14,81516989,35,30165,0,2.6816e-06
2.1487e-14,rs1797671,14,81321794,A,G,-7.6412,ENSG00000165409,TSHR,14,81516989,36,30280,0,2.7362e-06
2.2407e-14,rs17628249,14,81497980,C,G,-7.6359,ENSG00000165409,TSHR,14,81516989,36,31569,0,2.8533e-06
2.29e-14,rs10135084,14,81296323,T,C,-7.633,ENSG00000165409,TSHR,14,81516989,35,30164,0,2.9161e-06
2.3548e-14,rs1016699,14,81389124,G,A,-7.6296,ENSG00000165409,TSHR,14,81516989,36,30278,0,2.9986e-06
2.4746e-14,rs12892220,14,81165691,A,C,7.6233,ENSG00000165409,TSHR,14,81516989,34,30902,0,3.1512e-06
2.5407e-14,rs2300522,14,81496640,T,G,-7.6198,ENSG00000165409,TSHR,14,81516989,36,31569,0,3.2354e-06
2.5764e-14,rs2300524,14,81496936,G,T,-7.6179,ENSG00000165409,TSHR,14,81516989,36,31568,0,3.2808e-06
2.6492e-14,rs72693011,14,81315894,G,A,-7.6142,ENSG00000165409,TSHR,14,81516989,36,30280,0,3.3735e-06
2.6698e-14,rs12147797,14,81497634,T,A,-7.6133,ENSG00000165409,TSHR,14,81516989,36,31569,0,3.3998e-06
2.6822e-14,rs327452,14,81288846,C,G,-7.6127,ENSG00000165409,TSHR,14,81516989,35,30163,0,3.4156e-06
2.6822e-14,rs72693072,14,81446407,T,C,-7.6127,ENSG00000165409,TSHR,14,81516989,35,30165,0,3.4156e-06
2.7794e-14,rs72693068,14,81445738,T,G,-7.6081,ENSG00000165409,TSHR,14,81516989,35,30165,0,3.5393e-06
2.7966e-14,rs4903959,14,81448620,G,A,-7.6073,ENSG00000165409,TSHR,14,81516989,35,30164,0,3.5612e-06
2.8053e-14,rs72693073,14,81446557,A,G,-7.6068,ENSG00000165409,TSHR,14,81516989,35,30165,0,3.5723e-06
2.8359e-14,rs12434318,14,81382572,A,G,-7.6056,ENSG00000165409,TSHR,14,81516989,35,30161,0,3.6113e-06
2.8623e-14,rs72690933,14,81127622,T,A,-7.6043,ENSG00000165409,TSHR,14,81516989,32,29898,0,3.6449e-06
2.8845e-14,rs2300523,14,81496820,G,A,-7.6034,ENSG00000165409,TSHR,14,81516989,36,31569,0,3.6732e-06
2.8845e-14,rs72693070,14,81445931,C,G,-7.6033,ENSG00000165409,TSHR,14,81516989,35,30165,0,3.6732e-06
2.9935e-14,rs17545722,14,81498002,C,G,-7.5985,ENSG00000165409,TSHR,14,81516989,36,31569,0,3.812e-06
3.0827e-14,rs72690932,14,81127548,G,C,-7.5947,ENSG00000165409,TSHR,14,81516989,31,29569,0,3.9256e-06
3.1843e-14,rs72693013,14,81315992,C,T,-7.5906,ENSG00000165409,TSHR,14,81516989,35,30165,0,4.0549e-06
3.2338e-14,rs5002906,14,81445299,C,T,-7.5886,ENSG00000165409,TSHR,14,81516989,35,30165,0,4.118e-06
3.2338e-14,rs8011273,14,81243716,G,A,-7.5885,ENSG00000165409,TSHR,14,81516989,36,30278,0,4.118e-06
3.2538e-14,rs61978723,14,81498125,T,C,-7.5877,ENSG00000165409,TSHR,14,81516989,36,31569,0,4.1434e-06
3.3044e-14,rs61978724,14,81498303,C,T,-7.5856,ENSG00000165409,TSHR,14,81516989,36,31569,0,4.2079e-06
3.3765e-14,rs327434,14,81271071,G,A,-7.5829,ENSG00000165409,TSHR,14,81516989,37,31680,0,4.2997e-06
3.4662e-14,rs4899780,14,81383229,A,C,-7.5795,ENSG00000165409,TSHR,14,81516989,35,30161,0,4.4139e-06
3.4877e-14,rs327476,14,81239758,T,C,-7.5788,ENSG00000165409,TSHR,14,81516989,35,30165,0,4.4413e-06
3.6414e-14,rs2619661,14,81322707,C,G,-7.5731,ENSG00000165409,TSHR,14,81516989,35,30162,0,4.637e-06
3.6526e-14,rs72693069,14,81445862,G,T,-7.5727,ENSG00000165409,TSHR,14,81516989,35,30165,0,4.6513e-06
3.8489e-14,rs4903956,14,81444480,C,T,-7.5659,ENSG00000165409,TSHR,14,81516989,35,30165,0,4.9013e-06
4.0743e-14,rs327472,14,81237160,T,C,-7.5585,ENSG00000165409,TSHR,14,81516989,35,30163,0,5.1883e-06
4.0806e-14,rs327457,14,81204951,G,A,-7.5583,ENSG00000165409,TSHR,14,81516989,36,30280,0,5.1963e-06
4.0931e-14,rs327435,14,81214893,T,C,-7.558,ENSG00000165409,TSHR,14,81516989,36,30280,0,5.2122e-06
4.1121e-14,rs327470,14,81235811,G,C,-7.5573,ENSG00000165409,TSHR,14,81516989,35,30160,0,5.2364e-06
4.1565e-14,rs328213,14,81270157,A,C,-7.5559,ENSG00000165409,TSHR,14,81516989,36,31568,0,5.293e-06
4.1693e-14,rs2268470,14,81499495,G,C,-7.5556,ENSG00000165409,TSHR,14,81516989,36,31569,0,5.3093e-06
4.2731e-14,rs1197467,14,81315036,G,A,-7.5523,ENSG00000165409,TSHR,14,81516989,35,30160,0,5.4414e-06
4.3526e-14,rs12433134,14,81393926,T,C,-7.55,ENSG00000165409,TSHR,14,81516989,35,30164,0,5.5427e-06
4.3794e-14,rs327423,14,81257193,A,G,-7.5492,ENSG00000165409,TSHR,14,81516989,36,31566,0,5.5768e-06
4.4267e-14,rs2268471,14,81499539,C,T,-7.5477,ENSG00000165409,TSHR,14,81516989,36,31569,0,5.637e-06
4.6925e-14,rs327473,14,81237992,C,A,-7.5401,ENSG00000165409,TSHR,14,81516989,35,30165,0,5.9755e-06
4.7142e-14,rs8017038,14,81397574,T,G,-7.5395,ENSG00000165409,TSHR,14,81516989,35,30162,0,6.0031e-06
4.7432e-14,rs10134782,14,81129305,A,G,-7.5387,ENSG00000165409,TSHR,14,81516989,37,31684,0,6.0401e-06
4.8983e-14,rs10133034,14,81264861,A,G,-7.5345,ENSG00000165409,TSHR,14,81516989,37,31684,0,6.2376e-06
5.3945e-14,rs328258,14,81228730,C,T,-7.522,ENSG00000165409,TSHR,14,81516989,36,30280,0,6.8695e-06
5.6047e-14,rs328241,14,81207907,A,G,-7.5169,ENSG00000165409,TSHR,14,81516989,35,30164,0,7.1371e-06
5.7523e-14,rs162178,14,81221837,G,A,-7.5135,ENSG00000165409,TSHR,14,81516989,35,30165,0,7.3251e-06
5.7523e-14,rs327469,14,81235729,T,C,-7.5134,ENSG00000165409,TSHR,14,81516989,35,30161,0,7.3251e-06
5.8231e-14,rs327459,14,81245881,G,T,-7.5118,ENSG00000165409,TSHR,14,81516989,35,30165,0,7.4152e-06
5.9218e-14,rs327443,14,81222016,T,A,-7.5098,ENSG00000165409,TSHR,14,81516989,35,30165,0,7.5409e-06
6.343e-14,rs327456,14,81203908,A,G,-7.5007,ENSG00000165409,TSHR,14,81516989,36,30280,0,8.0773e-06
6.4898e-14,rs162172,14,81247572,T,C,-7.4977,ENSG00000165409,TSHR,14,81516989,35,30157,0,8.2642e-06
6.5195e-14,rs328240,14,81207877,A,T,-7.497,ENSG00000165409,TSHR,14,81516989,35,30164,0,8.302e-06
6.7214e-14,rs327446,14,81218957,T,C,-7.4931,ENSG00000165409,TSHR,14,81516989,35,30163,0,8.5592e-06
6.8039e-14,rs162171,14,81260377,A,C,-7.4915,ENSG00000165409,TSHR,14,81516989,37,31682,0,8.6642e-06
6.8247e-14,rs8010491,14,81352871,T,C,-7.491,ENSG00000165409,TSHR,14,81516989,34,29827,0,8.6907e-06
6.9189e-14,rs328206,14,81277775,G,T,-7.4893,ENSG00000165409,TSHR,14,81516989,36,31567,0,8.8107e-06
7.2424e-14,rs327442,14,81225436,T,G,-7.4834,ENSG00000165409,TSHR,14,81516989,35,30165,0,9.2226e-06
7.3423e-14,rs328212,14,81270314,T,C,-7.4815,ENSG00000165409,TSHR,14,81516989,36,31568,0,9.3498e-06
7.3759e-14,rs327447,14,81218813,A,T,-7.4809,ENSG00000165409,TSHR,14,81516989,35,30163,0,9.3926e-06
7.4663e-14,rs327440,14,81226993,T,C,-7.4793,ENSG00000165409,TSHR,14,81516989,35,30165,0,9.5077e-06
7.489e-14,rs1038523,14,81258799,T,C,-7.4788,ENSG00000165409,TSHR,14,81516989,36,31565,0,9.5366e-06
7.7087e-14,rs327426,14,81283512,A,G,-7.475,ENSG00000165409,TSHR,14,81516989,35,31482,0,9.8164e-06
7.9951e-14,rs2371456,14,81393496,A,T,-7.4704,ENSG00000165409,TSHR,14,81516989,35,30164,0,1.0181e-05
8.0317e-14,rs179262,14,81442348,T,C,7.4699,ENSG00000165409,TSHR,14,81516989,27,26409,0,1.0228e-05
8.4574e-14,rs327424,14,81256051,T,A,-7.463,ENSG00000165409,TSHR,14,81516989,36,31566,0,1.077e-05
8.6391e-14,rs1197473,14,81278783,T,A,-7.4602,ENSG00000165409,TSHR,14,81516989,36,31567,0,1.1001e-05
8.9324e-14,rs327431,14,81275684,G,C,-7.4557,ENSG00000165409,TSHR,14,81516989,36,31566,0,1.1375e-05
9.0004e-14,rs327463,14,81251255,C,T,-7.4548,ENSG00000165409,TSHR,14,81516989,37,31684,0,1.1461e-05
9.2215e-14,rs7147357,14,81526452,C,T,-7.4516,ENSG00000165409,TSHR,14,81516989,33,30518,0,1.1743e-05
9.2635e-14,rs9671671,14,81282098,C,G,-7.4508,ENSG00000165409,TSHR,14,81516989,36,31565,0,1.1796e-05
1.0473e-13,rs327428,14,81262018,A,G,-7.4346,ENSG00000165409,TSHR,14,81516989,36,31567,0,1.3337e-05
1.3017e-13,rs1117435,14,81136582,G,C,-7.4059,ENSG00000165409,TSHR,14,81516989,36,31563,0,1.6576e-05
1.3639e-13,rs327462,14,81249468,G,A,-7.3998,ENSG00000165409,TSHR,14,81516989,36,31568,0,1.7368e-05
1.59e-13,rs327429,14,81261964,C,T,-7.3793,ENSG00000165409,TSHR,14,81516989,36,31568,0,2.0247e-05
2.0119e-13,rs2167061,14,81141399,A,C,-7.3478,ENSG00000165409,TSHR,14,81516989,36,30280,0,2.562e-05
2.2405e-13,rs2371335,14,81170971,G,T,-7.3335,ENSG00000165409,TSHR,14,81516989,35,30158,0,2.8531e-05
2.5057e-13,rs10136185,14,81140472,G,C,-7.3185,ENSG00000165409,TSHR,14,81516989,34,29985,0,3.1908e-05
2.5777e-13,rs162177,14,81220932,G,A,-7.3146,ENSG00000165409,TSHR,14,81516989,34,30068,0,3.2825e-05
3.0089e-13,rs2060596,14,81187126,A,C,-7.294,ENSG00000165409,TSHR,14,81516989,35,30164,0,3.8316e-05
3.1412e-13,rs2371336,14,81171177,C,T,-7.288,ENSG00000165409,TSHR,14,81516989,35,30158,0,4.0001e-05
4.0048e-13,rs1197381,14,81170713,A,G,7.2555,ENSG00000165409,TSHR,14,81516989,35,30154,0,5.0998e-05
4.2172e-13,rs12878836,14,81175896,A,G,-7.2484,ENSG00000165409,TSHR,14,81516989,36,30280,0,5.3703e-05
4.3693e-13,rs2590487,14,81195148,C,T,7.2437,ENSG00000165409,TSHR,14,81516989,35,30163,0,5.5639e-05
4.7734e-13,rs327467,14,81234262,G,C,-7.2315,ENSG00000165409,TSHR,14,81516989,34,29657,0,6.0785e-05
5.5461e-13,rs149626,14,81267803,T,A,-7.211,ENSG00000165409,TSHR,14,81516989,36,31563,0,7.0625e-05
5.7704e-13,rs228109,14,81319375,C,T,-7.2058,ENSG00000165409,TSHR,14,81516989,35,30160,0,7.3481e-05
6.3569e-13,rs2619673,14,81174902,C,T,-7.1924,ENSG00000165409,TSHR,14,81516989,35,30163,0,8.095e-05
7.6996e-13,rs2590486,14,81194746,A,C,7.1665,ENSG00000165409,TSHR,14,81516989,35,30164,0,9.8048e-05
8.4778e-13,rs2590489,14,81200301,T,C,7.1532,ENSG00000165409,TSHR,14,81516989,35,30158,0,0.00010795782950844
8.7923e-13,rs150997,14,81268133,C,T,-7.1482,ENSG00000165409,TSHR,14,81516989,34,30970,0,0.00011196272905554
8.9604e-13,rs61124355,14,81199843,C,T,7.1458,ENSG00000165409,TSHR,14,81516989,35,25205,0,0.00011410334467992
9.5113e-13,rs936579,14,81202508,A,C,7.1375,ENSG00000165409,TSHR,14,81516989,35,29942,0,0.00012111860433174
9.7352e-13,rs2556613,14,81347186,A,G,-7.134,ENSG00000165409,TSHR,14,81516989,32,29413,0,0.00012396978718896
1.1504e-12,rs8019534,14,81169470,C,T,-7.111,ENSG00000165409,TSHR,14,81516989,35,29761,0,0.0001464940044192
1.1537e-12,rs977614,14,81196202,G,A,7.1109,ENSG00000165409,TSHR,14,81516989,35,30164,0,0.0001469142323526
1.198e-12,rs2596108,14,81175607,T,C,-7.1054,ENSG00000165409,TSHR,14,81516989,34,30070,0,0.000152555474004
1.7285e-12,rs35178479,14,81171888,C,T,7.0549,ENSG00000165409,TSHR,14,81516989,35,30159,0,0.000220110297843
1.8151e-12,rs2596107,14,81185750,T,A,7.0481,ENSG00000165409,TSHR,14,81516989,35,30164,0,0.0002311380975498
2.3393e-12,rs8022894,14,81185702,C,G,7.0127,ENSG00000165409,TSHR,14,81516989,35,30164,0,0.0002978906680614
2.7764e-12,rs2630272,14,81194599,T,G,6.9887,ENSG00000165409,TSHR,14,81516989,34,30076,0,0.0003535517679672
3.5106e-12,rs36055485,14,81186946,C,T,6.9556,ENSG00000165409,TSHR,14,81516989,35,30163,0,0.0004470461160588
3.5558e-12,rs2590484,14,81172484,C,T,-6.9536,ENSG00000165409,TSHR,14,81516989,35,30160,0,0.0004528019653284
4.3721e-12,rs11627929,14,81411026,T,C,6.9247,ENSG00000165409,TSHR,14,81516989,26,27156,0,0.0005567510750358
4.9851e-12,rs55700935,14,81176020,C,A,-6.906,ENSG00000165409,TSHR,14,81516989,35,30165,0,0.0006348115972098
5.0416e-12,rs35899127,14,81363850,C,T,6.9045,ENSG00000165409,TSHR,14,81516989,34,29836,0,0.0006420064087968
5.0987e-12,rs2590485,14,81176373,A,C,-6.9026,ENSG00000165409,TSHR,14,81516989,36,30280,0,0.0006492776254626
7.1813e-12,rs17111401,14,81528412,A,T,-6.8539,ENSG00000165409,TSHR,14,81516989,34,30902,0,0.0009144796539774
8.212e-12,rs10220315,14,81128218,G,C,-6.8348,ENSG00000165409,TSHR,14,81516989,35,29942,0,0.001045730845176
9.0158e-12,rs2630271,14,81193829,A,G,-6.8213,ENSG00000165409,TSHR,14,81516989,35,30162,0,0.0011480881824084
1.7154e-11,rs72693029,14,81358207,A,G,-6.7283,ENSG00000165409,TSHR,14,81516989,27,26410,0,0.002184421202892
2.8523e-11,rs9783629,14,81150895,C,T,-6.6539,ENSG00000165409,TSHR,14,81516989,37,31684,0,0.003632170104354
3.4304e-11,rs12436064,14,81161557,G,A,6.6268,ENSG00000165409,TSHR,14,81516989,36,31564,0,0.004368333038592
3.5198e-11,rs67713542,14,81161866,T,C,-6.6229,ENSG00000165409,TSHR,14,81516989,35,30162,0,0.004482176606004
3.9752e-11,rs6574600,14,81144142,G,C,6.6051,ENSG00000165409,TSHR,14,81516989,35,30164,0,0.005062091154096
4.2069e-11,rs2596112,14,81151237,G,A,6.5966,ENSG00000165409,TSHR,14,81516989,35,30164,0,0.005357142100062
4.3161e-11,rs28654442,14,81556979,A,C,-6.5926,ENSG00000165409,TSHR,14,81516989,36,31300,0,0.005496199343478
4.3277e-11,rs228112,14,81324352,T,C,6.5926,ENSG00000165409,TSHR,14,81516989,26,26081,0,0.005510970992046
4.7045e-11,rs8018693,14,81165784,C,T,6.5802,ENSG00000165409,TSHR,14,81516989,37,31684,0,0.00599079488691
5.417e-11,rs12882090,14,81149866,G,C,-6.559,ENSG00000165409,TSHR,14,81516989,35,30164,0,0.00689810519766
6.1684e-11,rs72690954,14,81159237,G,T,-6.5395,ENSG00000165409,TSHR,14,81516989,36,31564,0,0.007854951467832
8.3033e-11,rs17541411,14,81230117,C,T,6.495,ENSG00000165409,TSHR,14,81516989,36,31346,0,0.010573571513334
1.0197e-10,rs11845164,14,81531754,C,T,-6.4639,ENSG00000165409,TSHR,14,81516989,35,30962,0,0.01298504314206
1.1274e-10,rs2619666,14,81142992,T,C,6.4489,ENSG00000165409,TSHR,14,81516989,35,30155,0,0.01435651430652
1.49e-10,rs10151660,14,81537484,C,T,-6.4063,ENSG00000165409,TSHR,14,81516989,35,30962,0,0.018973927902
1.5235e-10,rs7151543,14,81548766,G,A,-6.4029,ENSG00000165409,TSHR,14,81516989,35,31180,0,0.0194005229253
2.2504e-10,rs10147011,14,81557279,T,G,-6.3431,ENSG00000165409,TSHR,14,81516989,37,31684,0,0.02865699822192
2.5887e-10,rs2590483,14,81162221,T,A,-6.3215,ENSG00000165409,TSHR,14,81516989,34,31146,0,0.03296497124826
3.7571e-10,rs7145290,14,81540422,T,C,-6.2637,ENSG00000165409,TSHR,14,81516989,34,30847,0,0.04784358692658
3.835e-10,rs7161244,14,81537685,G,T,-6.2604,ENSG00000165409,TSHR,14,81516989,34,30847,0,0.048835579533
