gene_symbol,outcome,n_snps_overlap,pp_h0,pp_h1,pp_h2,pp_h3,pp_h4,top_snp,coloc_verdict,notes
TNFSF14,BBJ_Graves,4788,6.98242785675767e-189,5.74811221726571e-188,0.000765668434620321,0.00530925223048383,0.993925079334876,rs2291668,strong,""
TNFSF14,FinnGen_GO,7696,5.71175354667972e-186,3.23889163145954e-186,0.626330767283301,0.355146921032553,0.0185223116841688,rs2291668,weak,""
IFNGR1,BBJ_Graves,3958,1.75831498060667e-63,2.78901333692374e-63,0.00453445978915737,0.00620323105363061,0.98926230915722,rs11754268,strong,""
IFNGR1,FinnGen_GO,5859,2.49030471475028e-61,1.31366322790544e-61,0.642216367165797,0.338757196773755,0.0190264360604546,rs11754268,weak,""
MAPKAPK5,BBJ_Graves,1909,7.35113043415821e-137,2.60689771467653e-133,0.000281905881851048,0.999709908178211,8.18593993939651e-06,rs79271898,distinct,""
MAPKAPK5,FinnGen_GO,2979,1.75823558343124e-133,7.72436775191045e-134,0.674259462554081,0.296189459505935,0.0295510779399765,rs79271898,weak,""
HSD3B7,BBJ_Graves,1625,1.15244507470579e-125,5.60975287053316e-122,7.90896395294719e-05,0.384368810380953,0.615552099979537,rs4889606,ambiguous,""
HSD3B7,FinnGen_GO,3095,1.03846279270277e-121,3.40294382653087e-122,0.733345317537632,0.240283916570942,0.0263707658914493,rs4889606,weak,""
PRSS36,BBJ_Graves,1479,4.19993019813947e-46,2.044396658061e-42,0.000173143012175498,0.842649676168823,0.157177180819003,rs78924645,distinct,""
PRSS36,FinnGen_GO,2820,1.8006005940307e-42,5.33823333738245e-43,0.742317715939353,0.220036989318509,0.0376452947421416,rs78924645,weak,""
VKORC1,BBJ_Graves,1512,2.63894229602539e-31,1.28455621354723e-27,0.000131426366576006,0.6393827782518,0.360485795381627,rs34649473,ambiguous,""
VKORC1,FinnGen_GO,2950,3.16510353040824e-27,9.89256752411129e-28,0.73976589911428,0.231185634994368,0.0290484658913502,rs2884737,weak,""
