"gene","outcome_role","SNP","beta_exp","se_exp","beta_out","se_out","wald_beta","wald_se","wald_p"
"TSHR","Primary","rs179252",0.157524,0.0118579,-0.221779,0.028613,-1.40790609684873,0.181642162464132,9.11807971893016e-15
"TSHR","Replication","rs179252",0.157524,0.0118579,-0.00196036,0.000179744,-0.012444833803103,0.00114105787054671,1.07426467433965e-27
"TNF","Primary","rs72855945",-0.0947661,0.0173768,-0.307078,0.0395752,3.24037815210291,0.417609250565339,8.53628410474456e-15
"TNF","Primary","rs9469017",0.124855,0.0218615,-0.223618,0.120828,-1.79102158503865,0.967746586039806,0.0642107937048502
"TNF","Replication","rs1121800",-0.29148,0.0119052,0.00131456,0.000183119,-0.00450994922464663,0.000628238644160834,7.03671672846126e-13
"TNF","Replication","rs72855945",-0.0947661,0.0173768,0.000658865,0.000305157,-0.00695253893533658,0.00322010719022942,0.0308422771619591
"TNF","Replication","rs9469017",0.124855,0.0218615,0.000256838,0.000398376,0.00205709022466061,0.00319070922269833,0.519113492983195
"PPARG","Primary","rs1619599",-0.36722,0.0115426,0.0304305,0.0369577,-0.0828672185610805,0.100641849572463,0.41028779540103
"PPARG","Primary","rs1663070",0.131811,0.0136475,-0.0367495,0.0293141,-0.278804500383124,0.222394944276274,0.209970755760114
"PPARG","Primary","rs6800812",-0.0559987,0.0119581,-0.0403305,0.0336804,0.720204219026513,0.601449676510348,0.231132303607403
"PPARG","Replication","rs1619599",-0.36722,0.0115426,7.21117e-05,0.00018295,-0.000196371929633462,0.000498202712270573,0.693462398956215
"PPARG","Replication","rs1663070",0.131811,0.0136475,7.78026e-06,0.000206351,5.90258779616269e-05,0.0015655066724325,0.96992367940146
"PPARG","Replication","rs6800812",-0.0559987,0.0119581,-3.87418e-05,0.000179737,0.000691833917573087,0.00320966379576669,0.829340747232732
"IRS1","Primary","rs13018683",0.342548,0.0130191,-0.0478161,0.0312672,-0.139589488188517,0.0912783026028469,0.126196659230687
"IRS1","Primary","rs13400941",-0.100913,0.0118793,0.00742151,0.0553627,-0.0735436465073876,0.548618116595483,0.893361036352567
"IRS1","Replication","rs115786869",0.499589,0.0450519,0.000239748,0.000535753,0.000479890469966312,0.00107238750252708,0.654516065153803
"IRS1","Replication","rs13018683",0.342548,0.0130191,-3.2376e-05,0.000198799,-9.45152212244707e-05,0.000580353702254866,0.870630270268049
"IRS1","Replication","rs13400941",-0.100913,0.0118793,0.000128066,0.000178996,-0.00126907336022118,0.00177376552079514,0.474319597153398
"AKT1","Primary","rs149007767",0.129835,0.0166458,-0.0863493,0.0550783,-0.665069511302807,0.424217660877267,0.116938236653009
"AKT1","Primary","rs45490496",0.355405,0.0116884,0.0412059,0.0327334,0.115940687384814,0.0921016868080078,0.208090482866508
"AKT1","Replication","rs11624762",0.24557,0.0180081,0.000288404,0.000264586,0.00117442684366983,0.00107743616891314,0.27570438693799
"AKT1","Replication","rs149007767",0.129835,0.0166458,-0.000413502,0.000272124,-0.00318482689567528,0.00209592174683252,0.128627831765324
"AKT1","Replication","rs45490496",0.355405,0.0116884,-9.59063e-05,0.000186264,-0.000269850733670038,0.000524089419113406,0.606626778758981
