pthresh,r2_thresh,ld_reference_id,n_independent_snps,lead_snps,includes_rs179252,notes
5e-08,0.001,1000G_phase3_EUR_hg19,1,rs179252,TRUE,""
5e-08,0.001,1000G_phase3_EAS_hg19,2,"rs179252,rs72690955",TRUE,""
5e-08,0.01,1000G_phase3_EUR_hg19,1,rs179252,TRUE,""
5e-08,0.01,1000G_phase3_EAS_hg19,4,"rs179252,rs2619676,rs72690941,rs12892220",TRUE,""
5e-08,0.1,1000G_phase3_EUR_hg19,6,"rs179252,rs35472552,rs2268474,rs2234919,rs12435724,rs2284734",TRUE,""
5e-08,0.1,1000G_phase3_EAS_hg19,10,"rs179252,rs58625998,rs72690941,rs72690955,rs113137098,rs61981273,rs35899127,rs10147011,rs8007426,rs2234919",TRUE,""
5e-06,0.001,1000G_phase3_EUR_hg19,2,"rs179252,rs7143914",TRUE,""
5e-06,0.001,1000G_phase3_EAS_hg19,3,"rs179252,rs72690955,rs10149681",TRUE,""
5e-06,0.01,1000G_phase3_EUR_hg19,3,"rs179252,rs2080306,rs10149681",TRUE,""
5e-06,0.01,1000G_phase3_EAS_hg19,7,"rs179252,rs2619676,rs72690941,rs12892220,rs115791247,rs114199246,rs8009519",TRUE,""
5e-06,0.1,1000G_phase3_EUR_hg19,12,"rs179252,rs35472552,rs2268474,rs2234919,rs12435724,rs2284734,rs2619665,rs34590095,rs17544306,rs8015244,rs10149681,rs12050279",TRUE,""
5e-06,0.1,1000G_phase3_EAS_hg19,12,"rs179252,rs58625998,rs72690941,rs72690955,rs113137098,rs61981273,rs35899127,rs10147011,rs8007426,rs2234919,rs10149681,rs114199246",TRUE,""
