signal_id,lead_snp_cojo_eur,lead_snp_cojo_eas,lead_snp_susie_eur,lead_snp_susie_eas,concordant_across_methods,concordant_across_ancestries,chr,pos_hg19,pos_hg38,marginal_p,conditional_p_eur,conditional_p_eas,susie_pip_eur,susie_pip_eas,ld_with_rs179252_eur,ld_with_rs179252_eas,usable_as_independent_iv,notes
TSHR_S1,rs179252,rs179252,rs179252,,TRUE,TRUE,14,81435985,,2.859e-40,1.23105e-22,1.77735e-36,1,,1,1,FALSE,Not independent (may be collinear with rs179252 or weak signal)
TSHR_S2,rs72695026,,,,TRUE,FALSE,14,81472030,,5.7865e-27,2.51643e-11,,,,0.133612,,FALSE,Not independent (may be collinear with rs179252 or weak signal)
TSHR_S3,rs12590764,,,,TRUE,FALSE,14,81704417,,7.0425e-06,2.5164e-06,,,,0.000431687,,FALSE,Not independent (may be collinear with rs179252 or weak signal)
TSHR_S4,,rs75538509,,,TRUE,FALSE,14,80850795,,0.2356223,,4.86719e-19,,,,0.00261159,FALSE,Not independent (may be collinear with rs179252 or weak signal)
TSHR_S5,,rs72689029,,,TRUE,FALSE,14,80980087,,0.09882028,,9.1834e-11,,,,0.00365943,FALSE,Not independent (may be collinear with rs179252 or weak signal)
TSHR_S6,,rs11846118,,,TRUE,FALSE,14,81000534,,0.01025826,,5.91716e-13,,,,0.0257255,FALSE,Not independent (may be collinear with rs179252 or weak signal)
TSHR_S7,,rs2619671,,,TRUE,FALSE,14,81100158,,1.2596e-05,,3.80796e-12,,,,0.0125105,FALSE,Not independent (may be collinear with rs179252 or weak signal)
TSHR_S8,,rs72690941,,,TRUE,FALSE,14,81138764,,7.5863e-22,,9.0408e-25,,,,0.000548306,FALSE,Not independent (may be collinear with rs179252 or weak signal)
TSHR_S9,,rs72690955,,,TRUE,FALSE,14,81160405,,1.0403e-17,,4.05925e-11,,,,0.000159654,FALSE,Not independent (may be collinear with rs179252 or weak signal)
TSHR_S10,,rs2619676,,,TRUE,FALSE,14,81192479,,4.5972e-25,,1.73375e-19,,,,0.00467432,FALSE,Not independent (may be collinear with rs179252 or weak signal)
TSHR_S11,,rs35899127,,,TRUE,FALSE,14,81363850,,5.0416e-12,,1.4193e-24,,,,0.000194251,FALSE,Not independent (may be collinear with rs179252 or weak signal)
TSHR_S12,,rs113137098,,,TRUE,FALSE,14,81474619,,1.489e-17,,1.44651e-23,,,,0.00749248,FALSE,Not independent (may be collinear with rs179252 or weak signal)
TSHR_S13,,rs12883673,,,TRUE,FALSE,14,81480822,,0.00436368,,2.89539e-12,,,,0.00409645,FALSE,Not independent (may be collinear with rs179252 or weak signal)
TSHR_S14,,rs10150381,,,TRUE,FALSE,14,81521033,,1.36e-16,,1.19539e-10,,,,0.0230896,FALSE,Not independent (may be collinear with rs179252 or weak signal)
TSHR_S15,,rs113951800,,,TRUE,FALSE,14,81609779,,0.67433935,,2.50569e-17,,,,0.000692045,FALSE,Not independent (may be collinear with rs179252 or weak signal)
TSHR_S16,,rs8009519,,,TRUE,FALSE,14,81702503,,3.0593e-06,,9.37026e-08,,,,0.00266038,FALSE,Not independent (may be collinear with rs179252 or weak signal)
TSHR_S17,,rs932869,,,TRUE,FALSE,14,82235052,,0.0191499,,2.19086e-06,,,,0.00177387,FALSE,Not independent (may be collinear with rs179252 or weak signal)
TSHR_S18,,rs75859780,,,TRUE,FALSE,14,82445130,,0.26699903,,4.84661e-09,,,,0.000389275,FALSE,Not independent (may be collinear with rs179252 or weak signal)
TSHR_S19,,,rs179248,,TRUE,FALSE,14,81433038,,1.6399e-39,,,1,,0.965053,,FALSE,Not independent (may be collinear with rs179252 or weak signal)
TSHR_S20,,,,rs3783950,TRUE,FALSE,14,81448282,,7.7538e-23,,,,1,,0.808032,FALSE,Not independent (may be collinear with rs179252 or weak signal)
TSHR_S21,,,,rs3783949,TRUE,FALSE,14,81448382,,2.3834e-20,,,,1,,0.808032,FALSE,Not independent (may be collinear with rs179252 or weak signal)
