ld_reference_id	signal_rank	lead_snp	chr	pos_hg19	effect_allele	other_allele	eaf	marginal_beta	marginal_p	conditional_beta	conditional_se	conditional_p	ld_with_rs179252_eur	ld_with_rs179252_eas	interpretation
1000G_phase3_EUR_hg19	1	rs179252	14	81435985	G	T	0.506	0.105455	2.85135e-40	0.0838017	0.00855907	1.23105e-22	1	1	primary
1000G_phase3_EAS_hg19	9	rs179252	14	81435985	G	T	0.506	0.105455	2.85135e-40	0.103791	0.00822853	1.77735e-36	1	1	collinear with rs179252
1000G_phase3_EUR_hg19	2	rs72695026	14	81472030	T	C	0.1342	-0.125078	5.79275e-27	-0.0837546	0.0125524	2.51643e-11	0.133612	0.130955	secondary independent
1000G_phase3_EUR_hg19	3	rs12590764	14	81704417	G	A	0.4394	-0.0360096	7.04912e-06	-0.0378568	0.00804301	2.5164e-06	0.000431687	5.73442e-05	secondary independent
1000G_phase3_EAS_hg19	1	rs75538509	14	80850795	A	G	0.01292	0.0473449	0.235622	0.401743	0.0450625	4.86719e-19	7.53711e-06	0.00261159	primary
1000G_phase3_EAS_hg19	2	rs72689029	14	80980087	T	A	0.07952	-0.0254825	0.0988407	-0.111923	0.0172726	9.1834e-11	0.000840754	0.00365943	secondary independent
1000G_phase3_EAS_hg19	3	rs11846118	14	81000534	C	T	0.06163	0.0446361	0.0102583	0.13333	0.0185119	5.91716e-13	0.0307445	0.0257255	secondary independent
1000G_phase3_EAS_hg19	4	rs2619671	14	81100158	T	C	0.1113	-0.0551407	1.2608e-05	-0.0912997	0.0131478	3.80796e-12	0.0190083	0.0125105	secondary independent
1000G_phase3_EAS_hg19	5	rs72690941	14	81138764	C	A	0.1819	-0.0989565	7.58628e-22	-0.11933	0.0116125	9.0408e-25	0.124053	0.000548306	secondary independent
1000G_phase3_EAS_hg19	6	rs72690955	14	81160405	G	A	0.1342	-0.102033	1.04116e-17	-0.0882927	0.0133738	4.05925e-11	0.075919	0.000159654	secondary independent
1000G_phase3_EAS_hg19	7	rs2619676	14	81192479	G	A	0.3171	-0.0881274	4.60676e-25	-0.0860035	0.00952533	1.73375e-19	0.315323	0.00467432	secondary independent
1000G_phase3_EAS_hg19	8	rs35899127	14	81363850	C	T	0.1133	0.0891039	5.03806e-12	0.175087	0.017111	1.4193e-24	0.110075	0.000194251	secondary independent
1000G_phase3_EAS_hg19	10	rs113137098	14	81474619	A	C	0.1153	-0.107278	1.49028e-17	-0.140093	0.014002	1.44651e-23	0.122221	0.00749248	secondary independent
1000G_phase3_EAS_hg19	11	rs12883673	14	81480822	G	A	0.1153	0.0355177	0.00436231	0.0920811	0.013187	2.89539e-12	0.0391883	0.00409645	secondary independent
1000G_phase3_EAS_hg19	12	rs10150381	14	81521033	A	G	0.2326	-0.0795877	1.36111e-16	-0.065636	0.0101921	1.19539e-10	0.0951409	0.0230896	secondary independent
1000G_phase3_EAS_hg19	13	rs113951800	14	81609779	A	G	0.0169	0.0135234	0.674266	0.302425	0.0357157	2.50569e-17	0.0065415	0.000692045	secondary independent
1000G_phase3_EAS_hg19	14	rs8009519	14	81702503	C	G	0.4662	-0.0372729	3.06076e-06	-0.0432739	0.00810596	9.37026e-08	0.00293781	0.00266038	secondary independent
1000G_phase3_EAS_hg19	15	rs932869	14	82235052	T	C	0.1938	-0.0240806	0.0191499	-0.0500301	0.0105661	2.19086e-06	0.001288	0.00177387	secondary independent
1000G_phase3_EAS_hg19	16	rs75859780	14	82445130	A	G	0.01889	-0.0404916	0.267042	-0.263285	0.0449879	4.84661e-09	1.11523e-05	0.000389275	secondary independent
